-- phpMyAdmin SQL Dump
-- version 5.0.2
-- https://www.phpmyadmin.net/
--
-- Servidor: 127.0.0.1
-- Tiempo de generación: 13-03-2021 a las 04:28:40
-- Versión del servidor: 10.4.13-MariaDB
-- Versión de PHP: 7.4.8

SET SQL_MODE = "NO_AUTO_VALUE_ON_ZERO";
START TRANSACTION;
SET time_zone = "+00:00";


/*!40101 SET @OLD_CHARACTER_SET_CLIENT=@@CHARACTER_SET_CLIENT */;
/*!40101 SET @OLD_CHARACTER_SET_RESULTS=@@CHARACTER_SET_RESULTS */;
/*!40101 SET @OLD_COLLATION_CONNECTION=@@COLLATION_CONNECTION */;
/*!40101 SET NAMES utf8mb4 */;

--
-- Base de datos: `petclinicv2`
--

-- --------------------------------------------------------

--
-- Estructura de tabla para la tabla `carritocompra`
--

CREATE TABLE `carritocompra` (
  `id` int(11) NOT NULL,
  `owner_id` int(11) NOT NULL,
  `product_id` int(11) NOT NULL,
  `cantidad` int(11) NOT NULL
) ENGINE=InnoDB DEFAULT CHARSET=utf8;

-- --------------------------------------------------------

--
-- Estructura de tabla para la tabla `citas`
--

CREATE TABLE `citas` (
  `id` int(11) NOT NULL,
  `owner_id` int(11) DEFAULT NULL,
  `fecha` date NOT NULL,
  `hora` time NOT NULL,
  `mascota` varchar(50) NOT NULL,
  `especialidad` int(11) DEFAULT NULL,
  `confirmacion` varchar(1) DEFAULT NULL,
  `especialista` varchar(30) DEFAULT NULL
) ENGINE=InnoDB DEFAULT CHARSET=utf8;

--
-- Volcado de datos para la tabla `citas`
--

INSERT INTO `citas` (`id`, `owner_id`, `fecha`, `hora`, `mascota`, `especialidad`, `confirmacion`, `especialista`) VALUES
(1, 2, '2019-03-30', '22:22:00', '3', 2, '1', 'Jenkins'),
(2, 2, '2019-03-30', '22:22:00', '3', 2, '1', 'Leary'),
(3, 2, '2019-03-30', '22:22:00', '3', 2, '0', ''),
(4, 2, '2019-03-30', '22:22:00', '3', 2, '1', 'Leary'),
(5, 2, '2019-03-30', '22:22:00', '3', 2, '0', ''),
(7, 2, '2019-03-30', '22:22:00', '3', 2, '0', ''),
(8, 2, '2019-03-30', '22:22:00', '3', 2, '0', ''),
(9, 2, '2019-03-30', '22:22:00', '3', 2, '0', ''),
(10, 2, '2019-03-30', '22:22:00', '3', 2, '0', ''),
(11, 2, '2019-03-30', '22:22:00', '3', 2, '0', ''),
(12, 2, '2019-03-30', '22:22:00', '3', 2, '0', ''),
(13, 2, '2019-03-30', '22:22:00', '3', 2, '0', ''),
(14, 2, '2019-03-30', '22:22:00', '3', 2, '0', ''),
(15, 2, '2019-03-30', '22:22:00', '3', 2, '0', ''),
(16, 2, '2019-03-30', '22:22:00', '3', 2, '0', ''),
(17, 2, '2019-03-30', '22:22:00', '3', 2, '0', ''),
(18, 2, '2019-03-30', '22:22:00', '3', 2, '0', ''),
(19, 2, '2019-03-30', '22:22:00', '3', 2, '0', ''),
(20, 2, '2019-03-30', '22:22:00', '3', 2, '0', ''),
(21, 2, '2019-03-30', '22:22:00', '3', 2, '0', ''),
(22, 2, '2019-03-30', '22:22:00', '3', 2, '0', ''),
(23, 2, '2019-03-30', '22:22:00', '3', 2, '0', ''),
(24, 2, '2019-03-30', '22:22:00', '3', 2, '0', ''),
(25, 2, '2019-03-30', '22:22:00', '3', 2, '0', ''),
(26, 2, '2019-03-30', '22:22:00', '3', 2, '0', ''),
(27, 2, '2019-03-30', '22:22:00', '3', 2, '0', ''),
(28, 2, '2019-03-30', '22:22:00', '3', 2, '0', ''),
(29, 2, '2019-03-30', '22:22:00', '3', 2, '0', ''),
(30, 2, '2019-03-30', '22:22:00', '3', 2, '0', ''),
(31, 2, '2019-03-30', '22:22:00', '3', 2, '0', ''),
(32, 2, '2019-03-30', '22:22:00', '3', 2, '0', ''),
(33, 2, '2019-03-30', '22:22:00', '3', 2, '0', ''),
(34, 2, '2019-03-30', '22:22:00', '3', 2, '0', ''),
(35, 2, '2019-03-30', '22:22:00', '3', 2, '0', ''),
(36, 2, '2019-03-30', '22:22:00', '3', 2, '0', ''),
(37, 2, '2019-03-30', '22:22:00', '3', 2, '0', ''),
(38, 2, '2019-03-30', '22:22:00', '3', 2, '0', ''),
(39, 2, '2019-03-30', '22:22:00', '3', 2, '0', ''),
(40, 2, '2019-03-30', '22:22:00', '3', 2, '0', ''),
(41, 2, '2019-03-30', '22:22:00', '3', 2, '0', ''),
(42, 2, '2019-03-30', '22:22:00', '3', 2, '0', ''),
(43, 2, '2019-03-30', '22:22:00', '3', 2, '0', ''),
(44, 2, '2019-03-30', '22:22:00', '3', 2, '0', ''),
(45, 2, '2019-03-30', '22:22:00', '3', 2, '0', ''),
(46, 2, '2019-03-30', '22:22:00', '3', 2, '0', ''),
(47, 2, '2019-03-30', '22:22:00', '3', 2, '0', ''),
(48, 2, '2019-03-30', '22:22:00', '3', 2, '0', ''),
(49, 2, '2019-03-30', '22:22:00', '3', 2, '0', ''),
(50, 2, '2019-03-30', '22:22:00', '3', 2, '0', ''),
(51, 2, '2019-03-30', '22:22:00', '3', 2, '0', ''),
(52, 2, '2019-03-30', '22:22:00', '3', 2, '0', ''),
(53, 2, '2019-03-30', '22:22:00', '3', 2, '0', ''),
(54, 2, '2019-03-30', '22:22:00', '3', 2, '0', ''),
(55, 2, '2019-03-30', '22:22:00', '3', 2, '0', ''),
(56, 2, '2019-03-30', '22:22:00', '3', 2, '0', ''),
(57, 2, '2019-03-30', '22:22:00', '3', 2, '0', ''),
(58, 2, '2019-03-30', '22:22:00', '3', 2, '0', ''),
(59, 2, '2019-03-30', '22:22:00', '3', 2, '0', ''),
(60, 2, '2019-03-30', '22:22:00', '3', 2, '0', ''),
(61, 2, '2019-03-30', '22:22:00', '3', 2, '0', ''),
(62, 2, '2019-03-30', '22:22:00', '3', 2, '0', ''),
(63, 2, '2019-03-30', '22:22:00', '3', 2, '0', ''),
(64, 2, '2019-03-30', '22:22:00', '3', 2, '0', ''),
(65, 2, '2019-03-30', '22:22:00', '3', 2, '0', ''),
(66, 2, '2019-03-30', '22:22:00', '3', 2, '0', ''),
(67, 2, '2019-03-30', '22:22:00', '3', 2, '0', ''),
(68, 2, '2019-03-30', '22:22:00', '3', 2, '0', ''),
(69, 2, '2019-03-30', '22:22:00', '3', 2, '0', ''),
(70, 2, '2019-03-30', '22:22:00', '3', 2, '0', ''),
(71, 2, '2019-03-30', '22:22:00', '3', 2, '0', ''),
(72, 2, '2019-03-30', '22:22:00', '3', 2, '0', ''),
(73, 2, '2019-03-30', '22:22:00', '3', 2, '0', ''),
(74, 2, '2019-03-30', '22:22:00', '3', 2, '0', ''),
(75, 2, '2019-03-30', '22:22:00', '3', 2, '0', ''),
(76, 2, '2019-03-30', '22:22:00', '3', 2, '0', ''),
(77, 2, '2019-03-30', '22:22:00', '3', 2, '0', ''),
(78, 2, '2019-03-30', '22:22:00', '3', 2, '0', ''),
(79, 2, '2019-03-30', '22:22:00', '3', 2, '0', ''),
(80, 2, '2019-03-30', '22:22:00', '3', 2, '0', ''),
(81, 2, '2019-03-30', '22:22:00', '3', 2, '0', ''),
(82, 2, '2019-03-30', '22:22:00', '3', 2, '0', ''),
(83, 2, '2019-03-30', '22:22:00', '3', 2, '0', ''),
(84, 2, '2019-03-30', '22:22:00', '3', 2, '0', ''),
(85, 2, '2019-03-30', '22:22:00', '3', 2, '0', ''),
(86, 2, '2019-03-30', '22:22:00', '3', 2, '0', ''),
(87, 2, '2019-03-30', '22:22:00', '3', 2, '0', ''),
(88, 2, '2019-03-30', '22:22:00', '3', 2, '0', ''),
(89, 2, '2019-03-30', '22:22:00', '3', 2, '0', ''),
(90, 2, '2019-03-30', '22:22:00', '3', 2, '0', ''),
(91, 2, '2019-03-30', '22:22:00', '3', 2, '0', ''),
(92, 2, '2019-03-30', '22:22:00', '3', 2, '0', ''),
(93, 2, '2019-03-30', '22:22:00', '3', 2, '0', ''),
(94, 2, '2019-03-30', '22:22:00', '3', 2, '0', ''),
(95, 2, '2019-03-30', '22:22:00', '3', 2, '0', ''),
(96, 2, '2019-03-30', '22:22:00', '3', 2, '0', ''),
(97, 2, '2019-03-30', '22:22:00', '3', 2, '0', ''),
(98, 2, '2019-03-30', '22:22:00', '3', 2, '0', ''),
(99, 2, '2019-03-30', '22:22:00', '3', 2, '0', ''),
(100, 2, '2019-03-30', '22:22:00', '3', 2, '0', ''),
(101, 2, '2019-03-30', '22:22:00', '3', 2, '0', ''),
(102, 2, '2019-03-30', '22:22:00', '3', 2, '0', ''),
(103, 2, '2019-03-30', '22:22:00', '3', 2, '0', ''),
(104, 2, '2019-03-30', '22:22:00', '3', 2, '0', ''),
(105, 2, '2019-03-30', '22:22:00', '3', 2, '0', ''),
(106, 2, '2019-03-30', '22:22:00', '3', 2, '0', ''),
(107, 2, '2019-03-30', '22:22:00', '3', 2, '0', ''),
(108, 2, '2019-03-30', '22:22:00', '3', 2, '0', ''),
(109, 2, '2019-03-30', '22:22:00', '3', 2, '0', ''),
(110, 2, '2019-03-30', '22:22:00', '3', 2, '0', ''),
(111, 2, '2019-03-30', '22:22:00', '3', 2, '0', ''),
(112, 2, '2019-03-30', '22:22:00', '3', 2, '0', ''),
(113, 2, '2019-03-30', '22:22:00', '3', 2, '0', ''),
(114, 2, '2019-03-30', '22:22:00', '3', 2, '0', ''),
(115, 2, '2019-03-30', '22:22:00', '3', 2, '0', ''),
(116, 2, '2019-03-30', '22:22:00', '3', 2, '0', ''),
(117, 2, '2019-03-30', '22:22:00', '3', 2, '0', ''),
(118, 2, '2019-03-30', '22:22:00', '3', 2, '0', ''),
(119, 2, '2019-03-30', '22:22:00', '3', 2, '0', ''),
(120, 2, '2019-03-30', '22:22:00', '3', 2, '0', ''),
(121, 2, '2019-03-30', '22:22:00', '3', 2, '0', ''),
(122, 2, '2019-03-30', '22:22:00', '3', 2, '0', ''),
(123, 2, '2019-03-30', '22:22:00', '3', 2, '0', ''),
(124, 2, '2019-03-30', '22:22:00', '3', 2, '0', ''),
(125, 2, '2019-03-30', '22:22:00', '3', 2, '0', ''),
(126, 2, '2019-03-30', '22:22:00', '3', 2, '0', ''),
(127, 2, '2019-03-30', '22:22:00', '3', 2, '0', ''),
(128, 2, '2019-03-30', '22:22:00', '3', 2, '0', ''),
(129, 2, '2019-03-30', '22:22:00', '3', 2, '0', ''),
(130, 2, '2019-03-30', '22:22:00', '3', 2, '0', ''),
(131, 2, '2019-03-30', '22:22:00', '3', 2, '0', ''),
(132, 2, '2019-03-30', '22:22:00', '3', 2, '0', ''),
(133, 2, '2019-03-30', '22:22:00', '3', 2, '0', ''),
(134, 2, '2019-03-30', '22:22:00', '3', 2, '0', ''),
(135, 2, '2019-03-30', '22:22:00', '3', 2, '0', ''),
(136, 2, '2019-03-30', '22:22:00', '3', 2, '0', ''),
(137, 2, '2019-03-30', '22:22:00', '3', 2, '0', ''),
(138, 2, '2019-03-30', '22:22:00', '3', 2, '0', ''),
(139, 2, '2019-03-30', '22:22:00', '3', 2, '0', ''),
(140, 2, '2019-03-30', '22:22:00', '3', 2, '0', ''),
(141, 2, '2019-03-30', '22:22:00', '3', 2, '0', ''),
(142, 2, '2019-03-30', '22:22:00', '3', 2, '0', ''),
(143, 2, '2019-03-30', '22:22:00', '3', 2, '0', ''),
(144, 2, '2019-03-30', '22:22:00', '3', 2, '0', ''),
(145, 2, '2019-03-30', '22:22:00', '3', 2, '0', ''),
(146, 2, '2019-03-30', '22:22:00', '3', 2, '0', ''),
(147, 2, '2019-03-30', '22:22:00', '3', 2, '0', ''),
(148, 2, '2019-03-30', '22:22:00', '3', 2, '0', ''),
(149, 2, '2019-03-30', '22:22:00', '3', 2, '0', ''),
(150, 2, '2019-03-30', '22:22:00', '3', 2, '0', ''),
(151, 2, '2019-03-30', '22:22:00', '3', 2, '0', ''),
(152, 2, '2019-03-30', '22:22:00', '3', 2, '0', ''),
(153, 2, '2019-03-30', '22:22:00', '3', 2, '0', ''),
(154, 2, '2019-03-30', '22:22:00', '3', 2, '0', ''),
(155, 2, '2019-03-30', '22:22:00', '3', 2, '0', ''),
(156, 2, '2019-03-30', '22:22:00', '3', 2, '0', ''),
(157, 2, '2019-03-30', '22:22:00', '3', 2, '0', ''),
(158, 2, '2019-03-30', '22:22:00', '3', 2, '0', ''),
(159, 2, '2019-03-30', '22:22:00', '3', 2, '0', ''),
(160, 2, '2019-03-30', '22:22:00', '3', 2, '0', ''),
(161, 2, '2019-03-30', '22:22:00', '3', 2, '0', ''),
(162, 2, '2019-03-30', '22:22:00', '3', 2, '0', ''),
(163, 2, '2019-03-30', '22:22:00', '3', 2, '0', ''),
(164, 2, '2019-03-30', '22:22:00', '3', 2, '0', ''),
(165, 2, '2019-03-30', '22:22:00', '3', 2, '0', ''),
(166, 2, '2019-03-30', '22:22:00', '3', 2, '0', ''),
(167, 2, '2019-03-30', '22:22:00', '3', 2, '0', ''),
(168, 2, '2019-03-30', '22:22:00', '3', 2, '0', ''),
(169, 2, '2019-03-30', '22:22:00', '3', 2, '0', ''),
(170, 2, '2019-03-30', '22:22:00', '3', 2, '0', ''),
(171, 2, '2019-03-30', '22:22:00', '3', 2, '0', ''),
(172, 2, '2019-03-30', '22:22:00', '3', 2, '0', ''),
(173, 2, '2019-03-30', '22:22:00', '3', 2, '0', ''),
(174, 2, '2019-03-30', '22:22:00', '3', 2, '0', ''),
(175, 2, '2019-03-30', '22:22:00', '3', 2, '0', ''),
(176, 2, '2019-03-30', '22:22:00', '3', 2, '0', ''),
(177, 2, '2019-03-30', '22:22:00', '3', 2, '0', ''),
(178, 2, '2019-03-30', '22:22:00', '3', 2, '0', ''),
(179, 2, '2019-03-30', '22:22:00', '3', 2, '0', ''),
(180, 2, '2019-03-30', '22:22:00', '3', 2, '0', ''),
(181, 2, '2019-03-30', '22:22:00', '3', 2, '0', ''),
(182, 2, '2019-03-30', '22:22:00', '3', 2, '0', ''),
(183, 2, '2019-03-30', '22:22:00', '3', 2, '0', ''),
(184, 2, '2019-03-30', '22:22:00', '3', 2, '0', ''),
(185, 2, '2019-03-30', '22:22:00', '3', 2, '0', ''),
(186, 2, '2019-03-30', '22:22:00', '3', 2, '0', ''),
(187, 2, '2019-03-30', '22:22:00', '3', 2, '0', ''),
(188, 2, '2019-03-30', '22:22:00', '3', 2, '0', ''),
(189, 2, '2019-03-30', '22:22:00', '3', 2, '0', ''),
(190, 2, '2019-03-30', '22:22:00', '3', 2, '0', ''),
(191, 2, '2019-03-30', '22:22:00', '3', 2, '0', ''),
(192, 2, '2019-03-30', '22:22:00', '3', 2, '0', ''),
(193, 2, '2019-03-30', '22:22:00', '3', 2, '0', ''),
(194, 2, '2019-03-30', '22:22:00', '3', 2, '0', ''),
(195, 2, '2019-03-30', '22:22:00', '3', 2, '0', ''),
(196, 2, '2019-03-30', '22:22:00', '3', 2, '0', ''),
(197, 2, '2019-03-30', '22:22:00', '3', 2, '0', ''),
(198, 2, '2019-03-30', '22:22:00', '3', 2, '0', ''),
(199, 2, '2019-03-30', '22:22:00', '3', 2, '0', ''),
(200, 2, '2019-03-30', '22:22:00', '3', 2, '0', ''),
(201, 2, '2019-03-30', '22:22:00', '3', 2, '0', ''),
(202, 2, '2019-03-30', '22:22:00', '3', 2, '0', ''),
(203, 2, '2019-03-30', '22:22:00', '3', 2, '0', ''),
(204, 2, '2019-03-30', '22:22:00', '3', 2, '0', ''),
(205, 2, '2019-03-30', '22:22:00', '3', 2, '0', ''),
(206, 2, '2019-03-30', '22:22:00', '3', 2, '0', ''),
(207, 2, '2019-03-30', '22:22:00', '3', 2, '0', ''),
(208, 2, '2019-03-30', '22:22:00', '3', 2, '0', ''),
(209, 2, '2019-03-30', '22:22:00', '3', 2, '0', ''),
(210, 2, '2019-03-30', '22:22:00', '3', 2, '0', ''),
(211, 2, '2019-03-30', '22:22:00', '3', 2, '0', ''),
(212, 2, '2019-03-30', '22:22:00', '3', 2, '0', ''),
(213, 2, '2019-03-30', '22:22:00', '3', 2, '0', ''),
(214, 2, '2019-03-30', '22:22:00', '3', 2, '0', ''),
(215, 2, '2019-03-30', '22:22:00', '3', 2, '0', ''),
(216, 2, '2019-03-30', '22:22:00', '3', 2, '0', ''),
(217, 2, '2019-03-30', '22:22:00', '3', 2, '0', ''),
(218, 2, '2019-03-30', '22:22:00', '3', 2, '0', ''),
(219, 2, '2019-03-30', '22:22:00', '3', 2, '0', ''),
(220, 2, '2019-03-30', '22:22:00', '3', 2, '0', ''),
(221, 2, '2019-03-30', '22:22:00', '3', 2, '0', ''),
(222, 2, '2019-03-30', '22:22:00', '3', 2, '0', ''),
(223, 2, '2019-03-30', '22:22:00', '3', 2, '0', ''),
(224, 2, '2019-03-30', '22:22:00', '3', 2, '0', ''),
(225, 2, '2019-03-30', '22:22:00', '3', 2, '0', ''),
(226, 2, '2019-03-30', '22:22:00', '3', 2, '0', ''),
(227, 2, '2019-03-30', '22:22:00', '3', 2, '0', ''),
(228, 2, '2019-03-30', '22:22:00', '3', 2, '0', ''),
(229, 2, '2019-03-30', '22:22:00', '3', 2, '0', ''),
(230, 2, '2019-03-30', '22:22:00', '3', 2, '0', ''),
(231, 2, '2019-03-30', '22:22:00', '3', 2, '0', ''),
(232, 2, '2019-03-30', '22:22:00', '3', 2, '0', ''),
(233, 2, '2019-03-30', '22:22:00', '3', 2, '0', ''),
(234, 2, '2019-03-30', '22:22:00', '3', 2, '0', ''),
(235, 2, '2019-03-30', '22:22:00', '3', 2, '0', ''),
(236, 2, '2019-03-30', '22:22:00', '3', 2, '0', ''),
(237, 2, '2019-03-30', '22:22:00', '3', 2, '0', ''),
(238, 2, '2019-03-30', '22:22:00', '3', 2, '0', ''),
(239, 2, '2019-03-30', '22:22:00', '3', 2, '0', ''),
(240, 2, '2019-03-30', '22:22:00', '3', 2, '0', ''),
(241, 2, '2019-03-30', '22:22:00', '3', 2, '0', ''),
(242, 2, '2019-03-30', '22:22:00', '3', 2, '0', ''),
(243, 2, '2019-03-30', '22:22:00', '3', 2, '0', ''),
(244, 2, '2019-03-30', '22:22:00', '3', 2, '0', ''),
(245, 2, '2019-03-30', '22:22:00', '3', 2, '0', ''),
(246, 2, '2019-03-30', '22:22:00', '3', 2, '0', ''),
(247, 2, '2019-03-30', '22:22:00', '3', 2, '0', ''),
(248, 2, '2019-03-30', '22:22:00', '3', 2, '0', ''),
(249, 2, '2019-03-30', '22:22:00', '3', 2, '0', ''),
(250, 2, '2019-03-30', '22:22:00', '3', 2, '0', ''),
(251, 2, '2019-03-30', '22:22:00', '3', 2, '0', ''),
(252, 2, '2019-03-30', '22:22:00', '3', 2, '0', ''),
(253, 2, '2019-03-30', '22:22:00', '3', 2, '0', ''),
(254, 2, '2019-03-30', '22:22:00', '3', 2, '0', ''),
(255, 2, '2019-03-30', '22:22:00', '3', 2, '0', ''),
(256, 2, '2019-03-30', '22:22:00', '3', 2, '0', ''),
(257, 2, '2019-03-30', '22:22:00', '3', 2, '0', ''),
(258, 2, '2019-03-30', '22:22:00', '3', 2, '0', ''),
(259, 2, '2019-03-30', '22:22:00', '3', 2, '0', ''),
(260, 2, '2019-03-30', '22:22:00', '3', 2, '0', ''),
(261, 2, '2019-03-30', '22:22:00', '3', 2, '0', ''),
(262, 2, '2019-03-30', '22:22:00', '3', 2, '0', ''),
(263, 2, '2019-03-30', '22:22:00', '3', 2, '0', ''),
(264, 2, '2019-03-30', '22:22:00', '3', 2, '0', ''),
(265, 2, '2019-03-30', '22:22:00', '3', 2, '0', ''),
(266, 2, '2019-03-30', '22:22:00', '3', 2, '0', ''),
(267, 2, '2019-03-30', '22:22:00', '3', 2, '0', ''),
(268, 2, '2019-03-30', '22:22:00', '3', 2, '0', ''),
(269, 2, '2019-03-30', '22:22:00', '3', 2, '0', ''),
(270, 2, '2019-03-30', '22:22:00', '3', 2, '0', ''),
(271, 2, '2019-03-30', '22:22:00', '3', 2, '0', ''),
(272, 2, '2019-03-30', '22:22:00', '3', 2, '0', ''),
(273, 2, '2019-03-30', '22:22:00', '3', 2, '0', ''),
(274, 2, '2019-03-30', '22:22:00', '3', 2, '0', ''),
(275, 2, '2019-03-30', '22:22:00', '3', 2, '0', ''),
(276, 2, '2019-03-30', '22:22:00', '3', 2, '0', ''),
(277, 2, '2019-03-30', '22:22:00', '3', 2, '0', ''),
(278, 2, '2019-03-30', '22:22:00', '3', 2, '0', ''),
(279, 2, '2019-03-30', '22:22:00', '3', 2, '0', ''),
(280, 2, '2019-03-30', '22:22:00', '3', 2, '0', ''),
(281, 2, '2019-03-30', '22:22:00', '3', 2, '0', ''),
(282, 2, '2019-03-30', '22:22:00', '3', 2, '0', ''),
(283, 2, '2019-03-30', '22:22:00', '3', 2, '0', ''),
(284, 2, '2019-03-30', '22:22:00', '3', 2, '0', ''),
(285, 2, '2019-03-30', '22:22:00', '3', 2, '0', ''),
(286, 2, '2019-03-30', '22:22:00', '3', 2, '0', ''),
(287, 2, '2019-03-30', '22:22:00', '3', 2, '0', ''),
(288, 2, '2019-03-30', '22:22:00', '3', 2, '0', ''),
(289, 2, '2019-03-30', '22:22:00', '3', 2, '0', ''),
(290, 2, '2019-03-30', '22:22:00', '3', 2, '0', ''),
(291, 2, '2019-03-30', '22:22:00', '3', 2, '0', ''),
(292, 2, '2019-03-30', '22:22:00', '3', 2, '0', ''),
(293, 2, '2019-03-30', '22:22:00', '3', 2, '0', ''),
(294, 2, '2019-03-30', '22:22:00', '3', 2, '0', ''),
(295, 2, '2019-03-30', '22:22:00', '3', 2, '0', ''),
(296, 2, '2019-03-30', '22:22:00', '3', 2, '0', ''),
(297, 2, '2019-03-30', '22:22:00', '3', 2, '0', ''),
(298, 2, '2019-03-30', '22:22:00', '3', 2, '0', ''),
(299, 2, '2019-03-30', '22:22:00', '3', 2, '0', ''),
(300, 2, '2019-03-30', '22:22:00', '3', 2, '0', ''),
(301, 2, '2019-03-30', '22:22:00', '3', 2, '0', ''),
(302, 2, '2019-03-30', '22:22:00', '3', 2, '0', ''),
(303, 2, '2019-03-30', '22:22:00', '3', 2, '0', ''),
(304, 2, '2019-03-30', '22:22:00', '3', 2, '0', ''),
(305, 2, '2019-03-30', '22:22:00', '3', 2, '0', ''),
(306, 2, '2019-03-30', '22:22:00', '3', 2, '0', ''),
(307, 2, '2019-03-30', '22:22:00', '3', 2, '0', ''),
(308, 2, '2019-03-30', '22:22:00', '3', 2, '0', ''),
(309, 2, '2019-03-30', '22:22:00', '3', 2, '0', ''),
(310, 2, '2019-03-30', '22:22:00', '3', 2, '0', ''),
(311, 2, '2019-03-30', '22:22:00', '3', 2, '0', ''),
(312, 2, '2019-03-30', '22:22:00', '3', 2, '0', ''),
(313, 2, '2019-03-30', '22:22:00', '3', 2, '0', ''),
(314, 2, '2019-03-30', '22:22:00', '3', 2, '0', ''),
(315, 2, '2019-03-30', '22:22:00', '3', 2, '0', ''),
(316, 2, '2019-03-30', '22:22:00', '3', 2, '0', ''),
(317, 2, '2019-03-30', '22:22:00', '3', 2, '0', ''),
(318, 2, '2019-03-30', '22:22:00', '3', 2, '0', ''),
(319, 2, '2019-03-30', '22:22:00', '3', 2, '0', ''),
(320, 2, '2019-03-30', '22:22:00', '3', 2, '0', ''),
(321, 2, '2019-03-30', '22:22:00', '3', 2, '0', NULL),
(322, 2, '2019-03-30', '22:22:00', '3', 2, '0', 'Indefinido'),
(323, 2, '2019-03-30', '22:22:00', '3', 2, '0', 'Indefinido'),
(324, 2, '2019-03-30', '22:22:00', '3', 2, '0', 'Indefinido'),
(325, 2, '2019-03-30', '22:22:00', '3', 2, '0', 'Indefinido'),
(326, 2, '2019-03-30', '22:22:00', '3', 2, '0', 'Indefinido'),
(327, 2, '2019-03-30', '22:22:00', '3', 2, '0', 'Indefinido'),
(328, 2, '2019-03-30', '22:22:00', '3', 2, '0', 'Indefinido'),
(329, 2, '2019-03-30', '22:22:00', '3', 2, '0', 'Indefinido'),
(330, 2, '2019-03-30', '22:22:00', '3', 2, '0', 'Indefinido'),
(331, 2, '2019-03-30', '22:22:00', '3', 2, '0', 'Indefinido'),
(332, 2, '2019-03-30', '22:22:00', '3', 2, '0', 'Indefinido'),
(333, 2, '2019-03-30', '22:22:00', '3', 2, '0', 'Indefinido'),
(334, 2, '2019-03-30', '22:22:00', '3', 2, '0', 'Indefinido'),
(335, 2, '2019-03-30', '22:22:00', '3', 2, '0', 'Indefinido'),
(336, 2, '2019-03-30', '22:22:00', '3', 2, '0', 'Indefinido'),
(337, 2, '2019-03-30', '22:22:00', '3', 2, '0', 'Indefinido');

-- --------------------------------------------------------

--
-- Estructura de tabla para la tabla `especialidades`
--

CREATE TABLE `especialidades` (
  `id` int(11) NOT NULL,
  `nombre` varchar(50) NOT NULL
) ENGINE=InnoDB DEFAULT CHARSET=utf8;

--
-- Volcado de datos para la tabla `especialidades`
--

INSERT INTO `especialidades` (`id`, `nombre`) VALUES
(1, 'Cardiologia'),
(2, 'Dermatologia'),
(3, 'Fisioterapia');

-- --------------------------------------------------------

--
-- Estructura de tabla para la tabla `medicamento`
--

CREATE TABLE `medicamento` (
  `id` int(11) NOT NULL,
  `ingrediente_activo` varchar(255) DEFAULT NULL,
  `nombre` varchar(255) DEFAULT NULL,
  `presentacion` varchar(255) DEFAULT NULL
) ENGINE=MyISAM DEFAULT CHARSET=utf8;

--
-- Volcado de datos para la tabla `medicamento`
--

INSERT INTO `medicamento` (`id`, `ingrediente_activo`, `nombre`, `presentacion`) VALUES
(1, 'ingrediente aaaaactivo', 'nombreeeeee', 'presentaciooooon'),
(2, 'chairez', 'chairicospus', 'nose'),
(3, 'ingrediente aaaaactivo', 'nombreeeeee', 'presentaciooooon'),
(4, 'ingrediente aaaaactivo', 'nombreeeeee', 'presentaciooooon'),
(5, 'ingrediente aaaaactivo', 'nombreeeeee', 'presentaciooooon'),
(6, 'ingrediente aaaaactivo', 'nombreeeeee', 'presentaciooooon'),
(7, 'ingrediente aaaaactivo', 'nombreeeeee', 'presentaciooooon'),
(8, 'ingrediente aaaaactivo', 'nombreeeeee', 'presentaciooooon'),
(9, 'ingrediente aaaaactivo', 'nombreeeeee', 'presentaciooooon'),
(10, 'ingrediente aaaaactivo', 'nombreeeeee', 'presentaciooooon'),
(11, 'ingrediente aaaaactivo', 'nombreeeeee', 'presentaciooooon'),
(12, 'ingrediente aaaaactivo', 'nombreeeeee', 'presentaciooooon'),
(13, 'ingrediente aaaaactivo', 'nombreeeeee', 'presentaciooooon'),
(14, 'ingrediente aaaaactivo', 'nombreeeeee', 'presentaciooooon'),
(15, 'ingrediente aaaaactivo', 'nombreeeeee', 'presentaciooooon'),
(16, 'ingrediente aaaaactivo', 'nombreeeeee', 'presentaciooooon'),
(17, 'ingrediente aaaaactivo', 'nombreeeeee', 'presentaciooooon'),
(18, 'ingrediente aaaaactivo', 'nombreeeeee', 'presentaciooooon'),
(19, 'ingrediente aaaaactivo', 'nombreeeeee', 'presentaciooooon'),
(20, 'ingrediente aaaaactivo', 'nombreeeeee', 'presentaciooooon'),
(21, 'ingrediente aaaaactivo', 'nombreeeeee', 'presentaciooooon'),
(22, 'ingrediente aaaaactivo', 'nombreeeeee', 'presentaciooooon'),
(23, 'ingrediente aaaaactivo', 'nombreeeeee', 'presentaciooooon'),
(24, 'ingrediente aaaaactivo', 'nombreeeeee', 'presentaciooooon'),
(25, 'ingrediente aaaaactivo', 'nombreeeeee', 'presentaciooooon'),
(26, 'ingrediente aaaaactivo', 'nombreeeeee', 'presentaciooooon'),
(27, 'ingrediente aaaaactivo', 'nombreeeeee', 'presentaciooooon'),
(28, 'ingrediente aaaaactivo', 'nombreeeeee', 'presentaciooooon'),
(29, 'ingrediente aaaaactivo', 'nombreeeeee', 'presentaciooooon'),
(30, 'ingrediente aaaaactivo', 'nombreeeeee', 'presentaciooooon'),
(31, 'ingrediente aaaaactivo', 'nombreeeeee', 'presentaciooooon'),
(32, 'ingrediente aaaaactivo', 'nombreeeeee', 'presentaciooooon'),
(33, 'ingrediente aaaaactivo', 'nombreeeeee', 'presentaciooooon'),
(34, 'ingrediente aaaaactivo', 'nombreeeeee', 'presentaciooooon'),
(35, 'ingrediente aaaaactivo', 'nombreeeeee', 'presentaciooooon'),
(36, 'ingrediente aaaaactivo', 'nombreeeeee', 'presentaciooooon'),
(37, 'ingrediente aaaaactivo', 'nombreeeeee', 'presentaciooooon'),
(38, 'ingrediente aaaaactivo', 'nombreeeeee', 'presentaciooooon'),
(39, 'ingrediente aaaaactivo', 'nombreeeeee', 'presentaciooooon'),
(40, 'ingrediente aaaaactivo', 'nombreeeeee', 'presentaciooooon'),
(41, 'ingrediente aaaaactivo', 'nombreeeeee', 'presentaciooooon'),
(42, 'ingrediente aaaaactivo', 'nombreeeeee', 'presentaciooooon'),
(43, 'ingrediente aaaaactivo', 'nombreeeeee', 'presentaciooooon'),
(44, 'ingrediente aaaaactivo', 'nombreeeeee', 'presentaciooooon'),
(45, 'ingrediente aaaaactivo', 'nombreeeeee', 'presentaciooooon'),
(46, 'ingrediente aaaaactivo', 'nombreeeeee', 'presentaciooooon'),
(47, 'ingrediente aaaaactivo', 'nombreeeeee', 'presentaciooooon'),
(48, 'ingrediente aaaaactivo', 'nombreeeeee', 'presentaciooooon'),
(49, 'ingrediente aaaaactivo', 'nombreeeeee', 'presentaciooooon'),
(50, 'ingrediente aaaaactivo', 'nombreeeeee', 'presentaciooooon'),
(51, 'ingrediente aaaaactivo', 'nombreeeeee', 'presentaciooooon'),
(52, 'ingrediente aaaaactivo', 'nombreeeeee', 'presentaciooooon'),
(53, 'ingrediente aaaaactivo', 'nombreeeeee', 'presentaciooooon'),
(54, 'ingrediente aaaaactivo', 'nombreeeeee', 'presentaciooooon'),
(55, 'ingrediente aaaaactivo', 'nombreeeeee', 'presentaciooooon'),
(56, 'ingrediente aaaaactivo', 'nombreeeeee', 'presentaciooooon'),
(57, 'ingrediente aaaaactivo', 'nombreeeeee', 'presentaciooooon'),
(58, 'ingrediente aaaaactivo', 'nombreeeeee', 'presentaciooooon'),
(59, 'ingrediente aaaaactivo', 'nombreeeeee', 'presentaciooooon'),
(60, 'ingrediente aaaaactivo', 'nombreeeeee', 'presentaciooooon'),
(61, 'ingrediente aaaaactivo', 'nombreeeeee', 'presentaciooooon'),
(62, 'ingrediente aaaaactivo', 'nombreeeeee', 'presentaciooooon'),
(63, 'ingrediente aaaaactivo', 'nombreeeeee', 'presentaciooooon'),
(64, 'ingrediente aaaaactivo', 'nombreeeeee', 'presentaciooooon'),
(65, 'ingrediente aaaaactivo', 'nombreeeeee', 'presentaciooooon'),
(66, 'ingrediente aaaaactivo', 'nombreeeeee', 'presentaciooooon'),
(67, 'ingrediente aaaaactivo', 'nombreeeeee', 'presentaciooooon'),
(68, 'ingrediente aaaaactivo', 'nombreeeeee', 'presentaciooooon'),
(69, 'ingrediente aaaaactivo', 'nombreeeeee', 'presentaciooooon'),
(70, 'ingrediente aaaaactivo', 'nombreeeeee', 'presentaciooooon'),
(71, 'ingrediente aaaaactivo', 'nombreeeeee', 'presentaciooooon'),
(72, 'ingrediente aaaaactivo', 'nombreeeeee', 'presentaciooooon'),
(73, 'ingrediente aaaaactivo', 'nombreeeeee', 'presentaciooooon'),
(74, 'ingrediente aaaaactivo', 'nombreeeeee', 'presentaciooooon'),
(75, 'ingrediente aaaaactivo', 'nombreeeeee', 'presentaciooooon'),
(76, 'ingrediente aaaaactivo', 'nombreeeeee', 'presentaciooooon'),
(77, 'ingrediente aaaaactivo', 'nombreeeeee', 'presentaciooooon'),
(78, 'ingrediente aaaaactivo', 'nombreeeeee', 'presentaciooooon'),
(79, 'ingrediente aaaaactivo', 'nombreeeeee', 'presentaciooooon'),
(80, 'ingrediente aaaaactivo', 'nombreeeeee', 'presentaciooooon'),
(81, 'ingrediente aaaaactivo', 'nombreeeeee', 'presentaciooooon'),
(82, 'ingrediente aaaaactivo', 'nombreeeeee', 'presentaciooooon'),
(83, 'ingrediente aaaaactivo', 'nombreeeeee', 'presentaciooooon'),
(84, 'ingrediente aaaaactivo', 'nombreeeeee', 'presentaciooooon'),
(85, 'ingrediente aaaaactivo', 'nombreeeeee', 'presentaciooooon'),
(86, 'ingrediente aaaaactivo', 'nombreeeeee', 'presentaciooooon'),
(87, 'ingrediente aaaaactivo', 'nombreeeeee', 'presentaciooooon'),
(88, 'ingrediente aaaaactivo', 'nombreeeeee', 'presentaciooooon'),
(89, 'ingrediente aaaaactivo', 'nombreeeeee', 'presentaciooooon'),
(90, 'ingrediente aaaaactivo', 'nombreeeeee', 'presentaciooooon'),
(91, 'ingrediente aaaaactivo', 'nombreeeeee', 'presentaciooooon'),
(92, 'ingrediente aaaaactivo', 'nombreeeeee', 'presentaciooooon'),
(93, 'ingrediente aaaaactivo', 'nombreeeeee', 'presentaciooooon'),
(94, 'ingrediente aaaaactivo', 'nombreeeeee', 'presentaciooooon'),
(95, 'ingrediente aaaaactivo', 'nombreeeeee', 'presentaciooooon'),
(96, 'ingrediente aaaaactivo', 'nombreeeeee', 'presentaciooooon'),
(97, 'ingrediente aaaaactivo', 'nombreeeeee', 'presentaciooooon'),
(98, 'ingrediente aaaaactivo', 'nombreeeeee', 'presentaciooooon'),
(99, 'ingrediente aaaaactivo', 'nombreeeeee', 'presentaciooooon'),
(100, 'ingrediente aaaaactivo', 'nombreeeeee', 'presentaciooooon'),
(101, 'ingrediente aaaaactivo', 'nombreeeeee', 'presentaciooooon'),
(102, 'ingrediente aaaaactivo', 'nombreeeeee', 'presentaciooooon'),
(103, 'ingrediente aaaaactivo', 'nombreeeeee', 'presentaciooooon'),
(104, 'ingrediente aaaaactivo', 'nombreeeeee', 'presentaciooooon'),
(105, 'ingrediente aaaaactivo', 'nombreeeeee', 'presentaciooooon'),
(106, 'ingrediente aaaaactivo', 'nombreeeeee', 'presentaciooooon'),
(107, 'ingrediente aaaaactivo', 'nombreeeeee', 'presentaciooooon'),
(108, 'ingrediente aaaaactivo', 'nombreeeeee', 'presentaciooooon'),
(109, 'ingrediente aaaaactivo', 'nombreeeeee', 'presentaciooooon'),
(110, 'ingrediente aaaaactivo', 'nombreeeeee', 'presentaciooooon'),
(111, 'ingrediente aaaaactivo', 'nombreeeeee', 'presentaciooooon'),
(112, 'ingrediente aaaaactivo', 'nombreeeeee', 'presentaciooooon'),
(113, 'ingrediente aaaaactivo', 'nombreeeeee', 'presentaciooooon'),
(114, 'ingrediente aaaaactivo', 'nombreeeeee', 'presentaciooooon'),
(115, 'ingrediente aaaaactivo', 'nombreeeeee', 'presentaciooooon'),
(116, 'ingrediente aaaaactivo', 'nombreeeeee', 'presentaciooooon'),
(117, 'ingrediente aaaaactivo', 'nombreeeeee', 'presentaciooooon'),
(118, 'ingrediente aaaaactivo', 'nombreeeeee', 'presentaciooooon'),
(119, 'ingrediente aaaaactivo', 'nombreeeeee', 'presentaciooooon'),
(120, 'ingrediente aaaaactivo', 'nombreeeeee', 'presentaciooooon'),
(121, 'ingrediente aaaaactivo', 'nombreeeeee', 'presentaciooooon'),
(122, 'ingrediente aaaaactivo', 'nombreeeeee', 'presentaciooooon'),
(123, 'ingrediente aaaaactivo', 'nombreeeeee', 'presentaciooooon'),
(124, 'ingrediente aaaaactivo', 'nombreeeeee', 'presentaciooooon'),
(125, 'ingrediente aaaaactivo', 'nombreeeeee', 'presentaciooooon'),
(126, 'ingrediente aaaaactivo', 'nombreeeeee', 'presentaciooooon'),
(127, 'ingrediente aaaaactivo', 'nombreeeeee', 'presentaciooooon'),
(128, 'ingrediente aaaaactivo', 'nombreeeeee', 'presentaciooooon'),
(129, 'ingrediente aaaaactivo', 'nombreeeeee', 'presentaciooooon'),
(130, 'ingrediente aaaaactivo', 'nombreeeeee', 'presentaciooooon'),
(131, 'ingrediente aaaaactivo', 'nombreeeeee', 'presentaciooooon'),
(132, 'ingrediente aaaaactivo', 'nombreeeeee', 'presentaciooooon'),
(133, 'ingrediente aaaaactivo', 'nombreeeeee', 'presentaciooooon'),
(134, 'ingrediente aaaaactivo', 'nombreeeeee', 'presentaciooooon'),
(135, 'ingrediente aaaaactivo', 'nombreeeeee', 'presentaciooooon'),
(136, 'ingrediente aaaaactivo', 'nombreeeeee', 'presentaciooooon'),
(137, 'ingrediente aaaaactivo', 'nombreeeeee', 'presentaciooooon'),
(138, 'ingrediente aaaaactivo', 'nombreeeeee', 'presentaciooooon'),
(139, 'ingrediente aaaaactivo', 'nombreeeeee', 'presentaciooooon'),
(140, 'ingrediente aaaaactivo', 'nombreeeeee', 'presentaciooooon'),
(141, 'ingrediente aaaaactivo', 'nombreeeeee', 'presentaciooooon'),
(142, 'ingrediente aaaaactivo', 'nombreeeeee', 'presentaciooooon'),
(143, 'ingrediente aaaaactivo', 'nombreeeeee', 'presentaciooooon'),
(144, 'ingrediente aaaaactivo', 'nombreeeeee', 'presentaciooooon'),
(145, 'ingrediente aaaaactivo', 'nombreeeeee', 'presentaciooooon'),
(146, 'ingrediente aaaaactivo', 'nombreeeeee', 'presentaciooooon'),
(147, 'ingrediente aaaaactivo', 'nombreeeeee', 'presentaciooooon'),
(148, 'ingrediente aaaaactivo', 'nombreeeeee', 'presentaciooooon'),
(149, 'ingrediente aaaaactivo', 'nombreeeeee', 'presentaciooooon'),
(150, 'ingrediente aaaaactivo', 'nombreeeeee', 'presentaciooooon'),
(151, 'ingrediente aaaaactivo', 'nombreeeeee', 'presentaciooooon'),
(152, 'ingrediente aaaaactivo', 'nombreeeeee', 'presentaciooooon'),
(153, 'ingrediente aaaaactivo', 'nombreeeeee', 'presentaciooooon'),
(154, 'ingrediente aaaaactivo', 'nombreeeeee', 'presentaciooooon'),
(155, 'ingrediente aaaaactivo', 'nombreeeeee', 'presentaciooooon'),
(156, 'ingrediente aaaaactivo', 'nombreeeeee', 'presentaciooooon'),
(157, 'ingrediente aaaaactivo', 'nombreeeeee', 'presentaciooooon'),
(158, 'ingrediente aaaaactivo', 'nombreeeeee', 'presentaciooooon'),
(159, 'ingrediente aaaaactivo', 'nombreeeeee', 'presentaciooooon'),
(160, 'ingrediente aaaaactivo', 'nombreeeeee', 'presentaciooooon'),
(161, 'ingrediente aaaaactivo', 'nombreeeeee', 'presentaciooooon'),
(162, 'ingrediente aaaaactivo', 'nombreeeeee', 'presentaciooooon'),
(163, 'ingrediente aaaaactivo', 'nombreeeeee', 'presentaciooooon'),
(164, 'ingrediente aaaaactivo', 'nombreeeeee', 'presentaciooooon'),
(165, 'ingrediente aaaaactivo', 'nombreeeeee', 'presentaciooooon'),
(166, 'ingrediente aaaaactivo', 'nombreeeeee', 'presentaciooooon'),
(167, 'ingrediente aaaaactivo', 'nombreeeeee', 'presentaciooooon'),
(168, 'ingrediente aaaaactivo', 'nombreeeeee', 'presentaciooooon'),
(169, 'ingrediente aaaaactivo', 'nombreeeeee', 'presentaciooooon'),
(170, 'ingrediente aaaaactivo', 'nombreeeeee', 'presentaciooooon'),
(171, 'ingrediente aaaaactivo', 'nombreeeeee', 'presentaciooooon'),
(172, 'ingrediente aaaaactivo', 'nombreeeeee', 'presentaciooooon'),
(173, 'ingrediente aaaaactivo', 'nombreeeeee', 'presentaciooooon'),
(174, 'ingrediente aaaaactivo', 'nombreeeeee', 'presentaciooooon'),
(175, 'ingrediente aaaaactivo', 'nombreeeeee', 'presentaciooooon'),
(176, 'ingrediente aaaaactivo', 'nombreeeeee', 'presentaciooooon'),
(177, 'ingrediente aaaaactivo', 'nombreeeeee', 'presentaciooooon'),
(178, 'ingrediente aaaaactivo', 'nombreeeeee', 'presentaciooooon'),
(179, 'ingrediente aaaaactivo', 'nombreeeeee', 'presentaciooooon'),
(180, 'ingrediente aaaaactivo', 'nombreeeeee', 'presentaciooooon'),
(181, 'ingrediente aaaaactivo', 'nombreeeeee', 'presentaciooooon'),
(182, 'ingrediente aaaaactivo', 'nombreeeeee', 'presentaciooooon'),
(183, 'ingrediente aaaaactivo', 'nombreeeeee', 'presentaciooooon'),
(184, 'ingrediente aaaaactivo', 'nombreeeeee', 'presentaciooooon'),
(185, 'ingrediente aaaaactivo', 'nombreeeeee', 'presentaciooooon'),
(186, 'ingrediente aaaaactivo', 'nombreeeeee', 'presentaciooooon'),
(187, 'ingrediente aaaaactivo', 'nombreeeeee', 'presentaciooooon'),
(188, 'ingrediente aaaaactivo', 'nombreeeeee', 'presentaciooooon'),
(189, 'ingrediente aaaaactivo', 'nombreeeeee', 'presentaciooooon'),
(190, 'ingrediente aaaaactivo', 'nombreeeeee', 'presentaciooooon'),
(191, 'ingrediente aaaaactivo', 'nombreeeeee', 'presentaciooooon'),
(192, 'ingrediente aaaaactivo', 'nombreeeeee', 'presentaciooooon'),
(193, 'ingrediente aaaaactivo', 'nombreeeeee', 'presentaciooooon'),
(194, 'ingrediente aaaaactivo', 'nombreeeeee', 'presentaciooooon'),
(195, 'ingrediente aaaaactivo', 'nombreeeeee', 'presentaciooooon'),
(196, 'ingrediente aaaaactivo', 'nombreeeeee', 'presentaciooooon'),
(197, 'ingrediente aaaaactivo', 'nombreeeeee', 'presentaciooooon'),
(198, 'ingrediente aaaaactivo', 'nombreeeeee', 'presentaciooooon'),
(199, 'ingrediente aaaaactivo', 'nombreeeeee', 'presentaciooooon'),
(200, 'ingrediente aaaaactivo', 'nombreeeeee', 'presentaciooooon'),
(201, 'ingrediente aaaaactivo', 'nombreeeeee', 'presentaciooooon'),
(202, 'ingrediente aaaaactivo', 'nombreeeeee', 'presentaciooooon'),
(203, 'ingrediente aaaaactivo', 'nombreeeeee', 'presentaciooooon'),
(204, 'ingrediente aaaaactivo', 'nombreeeeee', 'presentaciooooon'),
(205, 'ingrediente aaaaactivo', 'nombreeeeee', 'presentaciooooon'),
(206, 'ingrediente aaaaactivo', 'nombreeeeee', 'presentaciooooon'),
(207, 'ingrediente aaaaactivo', 'nombreeeeee', 'presentaciooooon'),
(208, 'ingrediente aaaaactivo', 'nombreeeeee', 'presentaciooooon'),
(209, 'ingrediente aaaaactivo', 'nombreeeeee', 'presentaciooooon'),
(210, 'ingrediente aaaaactivo', 'nombreeeeee', 'presentaciooooon'),
(211, 'ingrediente aaaaactivo', 'nombreeeeee', 'presentaciooooon'),
(212, 'ingrediente aaaaactivo', 'nombreeeeee', 'presentaciooooon'),
(213, 'ingrediente aaaaactivo', 'nombreeeeee', 'presentaciooooon'),
(214, 'ingrediente aaaaactivo', 'nombreeeeee', 'presentaciooooon'),
(215, 'ingrediente aaaaactivo', 'nombreeeeee', 'presentaciooooon'),
(216, 'ingrediente aaaaactivo', 'nombreeeeee', 'presentaciooooon'),
(217, 'ingrediente aaaaactivo', 'nombreeeeee', 'presentaciooooon'),
(218, 'ingrediente aaaaactivo', 'nombreeeeee', 'presentaciooooon'),
(219, 'ingrediente aaaaactivo', 'nombreeeeee', 'presentaciooooon'),
(220, 'ingrediente aaaaactivo', 'nombreeeeee', 'presentaciooooon'),
(221, 'ingrediente aaaaactivo', 'nombreeeeee', 'presentaciooooon'),
(222, 'ingrediente aaaaactivo', 'nombreeeeee', 'presentaciooooon'),
(223, 'ingrediente aaaaactivo', 'nombreeeeee', 'presentaciooooon'),
(224, 'ingrediente aaaaactivo', 'nombreeeeee', 'presentaciooooon'),
(225, 'ingrediente aaaaactivo', 'nombreeeeee', 'presentaciooooon'),
(226, 'ingrediente aaaaactivo', 'nombreeeeee', 'presentaciooooon'),
(227, 'ingrediente aaaaactivo', 'nombreeeeee', 'presentaciooooon'),
(228, 'ingrediente aaaaactivo', 'nombreeeeee', 'presentaciooooon'),
(229, 'ingrediente aaaaactivo', 'nombreeeeee', 'presentaciooooon'),
(230, 'ingrediente aaaaactivo', 'nombreeeeee', 'presentaciooooon'),
(231, 'ingrediente aaaaactivo', 'nombreeeeee', 'presentaciooooon'),
(232, 'ingrediente aaaaactivo', 'nombreeeeee', 'presentaciooooon'),
(233, 'ingrediente aaaaactivo', 'nombreeeeee', 'presentaciooooon'),
(234, 'ingrediente aaaaactivo', 'nombreeeeee', 'presentaciooooon'),
(235, 'ingrediente aaaaactivo', 'nombreeeeee', 'presentaciooooon'),
(236, 'ingrediente aaaaactivo', 'nombreeeeee', 'presentaciooooon'),
(237, 'ingrediente aaaaactivo', 'nombreeeeee', 'presentaciooooon'),
(238, 'ingrediente aaaaactivo', 'nombreeeeee', 'presentaciooooon'),
(239, 'ingrediente aaaaactivo', 'nombreeeeee', 'presentaciooooon'),
(240, 'ingrediente aaaaactivo', 'nombreeeeee', 'presentaciooooon'),
(241, 'ingrediente aaaaactivo', 'nombreeeeee', 'presentaciooooon'),
(242, 'ingrediente aaaaactivo', 'nombreeeeee', 'presentaciooooon'),
(243, 'ingrediente aaaaactivo', 'nombreeeeee', 'presentaciooooon'),
(244, 'ingrediente aaaaactivo', 'nombreeeeee', 'presentaciooooon'),
(245, 'ingrediente aaaaactivo', 'nombreeeeee', 'presentaciooooon'),
(246, 'ingrediente aaaaactivo', 'nombreeeeee', 'presentaciooooon'),
(247, 'ingrediente aaaaactivo', 'nombreeeeee', 'presentaciooooon'),
(248, 'ingrediente aaaaactivo', 'nombreeeeee', 'presentaciooooon'),
(249, 'ingrediente aaaaactivo', 'nombreeeeee', 'presentaciooooon'),
(250, 'ingrediente aaaaactivo', 'nombreeeeee', 'presentaciooooon'),
(251, 'ingrediente aaaaactivo', 'nombreeeeee', 'presentaciooooon'),
(252, 'ingrediente aaaaactivo', 'nombreeeeee', 'presentaciooooon'),
(253, 'ingrediente aaaaactivo', 'nombreeeeee', 'presentaciooooon'),
(254, 'ingrediente aaaaactivo', 'nombreeeeee', 'presentaciooooon'),
(255, 'ingrediente aaaaactivo', 'nombreeeeee', 'presentaciooooon'),
(256, 'ingrediente aaaaactivo', 'nombreeeeee', 'presentaciooooon'),
(257, 'ingrediente aaaaactivo', 'nombreeeeee', 'presentaciooooon'),
(258, 'ingrediente aaaaactivo', 'nombreeeeee', 'presentaciooooon'),
(259, 'ingrediente aaaaactivo', 'nombreeeeee', 'presentaciooooon'),
(260, 'ingrediente aaaaactivo', 'nombreeeeee', 'presentaciooooon'),
(261, 'ingrediente aaaaactivo', 'nombreeeeee', 'presentaciooooon'),
(262, 'ingrediente aaaaactivo', 'nombreeeeee', 'presentaciooooon'),
(263, 'ingrediente aaaaactivo', 'nombreeeeee', 'presentaciooooon'),
(264, 'ingrediente aaaaactivo', 'nombreeeeee', 'presentaciooooon'),
(265, 'ingrediente aaaaactivo', 'nombreeeeee', 'presentaciooooon'),
(266, 'ingrediente aaaaactivo', 'nombreeeeee', 'presentaciooooon'),
(267, 'ingrediente aaaaactivo', 'nombreeeeee', 'presentaciooooon'),
(268, 'ingrediente aaaaactivo', 'nombreeeeee', 'presentaciooooon'),
(269, 'ingrediente aaaaactivo', 'nombreeeeee', 'presentaciooooon'),
(270, 'ingrediente aaaaactivo', 'nombreeeeee', 'presentaciooooon'),
(271, 'ingrediente aaaaactivo', 'nombreeeeee', 'presentaciooooon'),
(272, 'ingrediente aaaaactivo', 'nombreeeeee', 'presentaciooooon'),
(273, 'ingrediente aaaaactivo', 'nombreeeeee', 'presentaciooooon'),
(274, 'ingrediente aaaaactivo', 'nombreeeeee', 'presentaciooooon'),
(275, 'ingrediente aaaaactivo', 'nombreeeeee', 'presentaciooooon'),
(276, 'ingrediente aaaaactivo', 'nombreeeeee', 'presentaciooooon'),
(277, 'ingrediente aaaaactivo', 'nombreeeeee', 'presentaciooooon'),
(278, 'ingrediente aaaaactivo', 'nombreeeeee', 'presentaciooooon'),
(279, 'ingrediente aaaaactivo', 'nombreeeeee', 'presentaciooooon'),
(280, 'ingrediente aaaaactivo', 'nombreeeeee', 'presentaciooooon'),
(281, 'ingrediente aaaaactivo', 'nombreeeeee', 'presentaciooooon'),
(282, 'ingrediente aaaaactivo', 'nombreeeeee', 'presentaciooooon'),
(283, 'ingrediente aaaaactivo', 'nombreeeeee', 'presentaciooooon'),
(284, 'ingrediente aaaaactivo', 'nombreeeeee', 'presentaciooooon'),
(285, 'ingrediente aaaaactivo', 'nombreeeeee', 'presentaciooooon'),
(286, 'ingrediente aaaaactivo', 'nombreeeeee', 'presentaciooooon'),
(287, 'ingrediente aaaaactivo', 'nombreeeeee', 'presentaciooooon'),
(288, 'ingrediente aaaaactivo', 'nombreeeeee', 'presentaciooooon'),
(289, 'ingrediente aaaaactivo', 'nombreeeeee', 'presentaciooooon'),
(290, 'ingrediente aaaaactivo', 'nombreeeeee', 'presentaciooooon'),
(291, 'ingrediente aaaaactivo', 'nombreeeeee', 'presentaciooooon'),
(292, 'ingrediente aaaaactivo', 'nombreeeeee', 'presentaciooooon'),
(293, 'ingrediente aaaaactivo', 'nombreeeeee', 'presentaciooooon'),
(294, 'ingrediente aaaaactivo', 'nombreeeeee', 'presentaciooooon'),
(295, 'ingrediente aaaaactivo', 'nombreeeeee', 'presentaciooooon'),
(296, 'ingrediente aaaaactivo', 'nombreeeeee', 'presentaciooooon'),
(297, 'ingrediente aaaaactivo', 'nombreeeeee', 'presentaciooooon'),
(298, 'ingrediente aaaaactivo', 'nombreeeeee', 'presentaciooooon'),
(299, 'ingrediente aaaaactivo', 'nombreeeeee', 'presentaciooooon'),
(300, 'ingrediente aaaaactivo', 'nombreeeeee', 'presentaciooooon'),
(301, 'ingrediente aaaaactivo', 'nombreeeeee', 'presentaciooooon'),
(302, 'ingrediente aaaaactivo', 'nombreeeeee', 'presentaciooooon'),
(303, 'ingrediente aaaaactivo', 'nombreeeeee', 'presentaciooooon'),
(304, 'ingrediente aaaaactivo', 'nombreeeeee', 'presentaciooooon'),
(305, 'ingrediente aaaaactivo', 'nombreeeeee', 'presentaciooooon'),
(306, 'ingrediente aaaaactivo', 'nombreeeeee', 'presentaciooooon'),
(307, 'ingrediente aaaaactivo', 'nombreeeeee', 'presentaciooooon'),
(308, 'ingrediente aaaaactivo', 'nombreeeeee', 'presentaciooooon'),
(309, 'ingrediente aaaaactivo', 'nombreeeeee', 'presentaciooooon'),
(310, 'ingrediente aaaaactivo', 'nombreeeeee', 'presentaciooooon'),
(311, 'ingrediente aaaaactivo', 'nombreeeeee', 'presentaciooooon'),
(312, 'ingrediente aaaaactivo', 'nombreeeeee', 'presentaciooooon'),
(313, 'ingrediente aaaaactivo', 'nombreeeeee', 'presentaciooooon'),
(314, 'ingrediente aaaaactivo', 'nombreeeeee', 'presentaciooooon'),
(315, 'ingrediente aaaaactivo', 'nombreeeeee', 'presentaciooooon'),
(316, 'ingrediente aaaaactivo', 'nombreeeeee', 'presentaciooooon'),
(317, 'ingrediente aaaaactivo', 'nombreeeeee', 'presentaciooooon'),
(318, 'ingrediente aaaaactivo', 'nombreeeeee', 'presentaciooooon'),
(319, 'ingrediente aaaaactivo', 'nombreeeeee', 'presentaciooooon'),
(320, 'ingrediente aaaaactivo', 'nombreeeeee', 'presentaciooooon'),
(321, 'ingrediente aaaaactivo', 'nombreeeeee', 'presentaciooooon'),
(322, 'ingrediente aaaaactivo', 'nombreeeeee', 'presentaciooooon'),
(323, 'ingrediente aaaaactivo', 'nombreeeeee', 'presentaciooooon'),
(324, 'ingrediente aaaaactivo', 'nombreeeeee', 'presentaciooooon'),
(325, 'ingrediente aaaaactivo', 'nombreeeeee', 'presentaciooooon'),
(326, 'ingrediente aaaaactivo', 'nombreeeeee', 'presentaciooooon'),
(327, 'ingrediente aaaaactivo', 'nombreeeeee', 'presentaciooooon'),
(328, 'ingrediente aaaaactivo', 'nombreeeeee', 'presentaciooooon'),
(329, 'ingrediente aaaaactivo', 'nombreeeeee', 'presentaciooooon'),
(330, 'ingrediente aaaaactivo', 'nombreeeeee', 'presentaciooooon'),
(331, 'ingrediente aaaaactivo', 'nombreeeeee', 'presentaciooooon'),
(332, 'ingrediente aaaaactivo', 'nombreeeeee', 'presentaciooooon'),
(333, 'ingrediente aaaaactivo', 'nombreeeeee', 'presentaciooooon'),
(334, 'ingrediente aaaaactivo', 'nombreeeeee', 'presentaciooooon'),
(335, 'ingrediente aaaaactivo', 'nombreeeeee', 'presentaciooooon'),
(336, 'ingrediente aaaaactivo', 'nombreeeeee', 'presentaciooooon'),
(337, 'ingrediente aaaaactivo', 'nombreeeeee', 'presentaciooooon'),
(338, 'ingrediente aaaaactivo', 'nombreeeeee', 'presentaciooooon'),
(339, 'ingrediente aaaaactivo', 'nombreeeeee', 'presentaciooooon'),
(340, 'ingrediente aaaaactivo', 'nombreeeeee', 'presentaciooooon'),
(341, 'ingrediente aaaaactivo', 'nombreeeeee', 'presentaciooooon');

-- --------------------------------------------------------

--
-- Estructura de tabla para la tabla `owners`
--

CREATE TABLE `owners` (
  `id` int(4) UNSIGNED NOT NULL,
  `first_name` varchar(30) DEFAULT NULL,
  `last_name` varchar(30) DEFAULT NULL,
  `address` varchar(255) DEFAULT NULL,
  `city` varchar(80) DEFAULT NULL,
  `telephone` varchar(20) DEFAULT NULL,
  `user_id` int(11) NOT NULL,
  `latitud` varchar(255) NOT NULL,
  `longitud` varchar(255) NOT NULL,
  `imagen` varchar(255) NOT NULL
) ENGINE=InnoDB DEFAULT CHARSET=utf8;

--
-- Volcado de datos para la tabla `owners`
--

INSERT INTO `owners` (`id`, `first_name`, `last_name`, `address`, `city`, `telephone`, `user_id`, `latitud`, `longitud`, `imagen`) VALUES
(2, 'Don owner', 'ownersito', 'Calle Glorioso Lodasal', 'Tuxtlas', '123456', 2, '1', '1', '/resources/images/ZWK76peSrD'),
(3, 'Joe unitario', 'Franklin', '110 W. Liberty St.', 'Madison', '65551023', 11, '1', '1', '/resources/images/ULQNuU3fw9'),
(4, 'aa', 'a', 'a', 'a', '1', 18, '', '', '/resources/images/placeholder.png'),
(9, 'Test', 'Test', 'Test', 'Test', '1111111111', 1, '1', '1', '');

-- --------------------------------------------------------

--
-- Estructura de tabla para la tabla `pets`
--

CREATE TABLE `pets` (
  `id` int(4) UNSIGNED NOT NULL,
  `name` varchar(30) DEFAULT NULL,
  `birth_date` date DEFAULT NULL,
  `type_id` int(4) UNSIGNED NOT NULL,
  `owner_id` int(4) UNSIGNED NOT NULL
) ENGINE=InnoDB DEFAULT CHARSET=utf8;

--
-- Volcado de datos para la tabla `pets`
--

INSERT INTO `pets` (`id`, `name`, `birth_date`, `type_id`, `owner_id`) VALUES
(1, 'Arisquito', '1998-11-22', 4, 2),
(2, 'pruebita', '1998-11-11', 2, 3),
(3, 'Gratus1', '2019-03-05', 1, 2),
(4, 'Gratus2', '2019-02-05', 1, 2),
(5, 'Gratus2', '2019-02-05', 1, 2),
(6, 'Gratus2', '2019-02-05', 1, 2),
(7, 'Gratus2', '2019-02-05', 1, 2),
(8, 'Gratus2', '2019-02-05', 1, 2),
(9, 'Gratus2', '2019-02-05', 1, 2),
(10, 'Gratus2', '2019-02-05', 1, 2),
(11, 'Gratus2', '2019-02-05', 1, 2),
(12, 'Gratus2', '2019-02-05', 1, 2),
(13, 'Gratus2', '2019-02-05', 1, 2),
(14, 'Gratus2', '2019-02-05', 1, 2),
(16, 'Gratus2', '2019-02-05', 1, 2),
(17, 'Gratus2', '2019-02-05', 1, 2),
(18, 'Gratus2', '2019-02-05', 1, 2),
(19, 'Gratus2', '2019-02-05', 1, 2),
(20, 'Gratus2', '2019-02-05', 1, 2),
(21, 'Gratus2', '2019-02-05', 1, 2),
(22, 'Gratus2', '2019-02-05', 1, 2),
(23, 'Gratus2', '2019-02-05', 1, 2),
(24, 'Gratus2', '2019-02-05', 1, 2),
(25, 'Gratus2', '2019-02-05', 1, 2),
(26, 'Gratus2', '2019-02-05', 1, 2),
(27, 'Gratus2', '2019-02-05', 1, 2),
(28, 'Gratus2', '2019-02-05', 1, 2),
(29, 'Gratus2', '2019-02-05', 1, 2),
(30, 'Gratus2', '2019-02-05', 1, 2),
(31, 'Gratus2', '2019-02-05', 1, 2),
(32, 'Gratus2', '2019-02-05', 1, 2),
(33, 'Gratus2', '2019-02-05', 1, 2),
(34, 'Gratus2', '2019-02-05', 1, 2),
(35, 'Gratus2', '2019-02-05', 1, 2),
(36, 'Gratus2', '2019-02-05', 1, 2),
(37, 'Gratus2', '2019-02-05', 1, 2),
(38, 'Gratus2', '2019-02-05', 1, 2),
(39, 'Gratus2', '2019-02-05', 1, 2),
(40, 'Gratus2', '2019-02-05', 1, 2),
(41, 'Gratus2', '2019-02-05', 1, 2),
(42, 'Gratus2', '2019-02-05', 1, 2),
(43, 'Gratus2', '2019-02-05', 1, 2),
(44, 'Gratus2', '2019-02-05', 1, 2),
(45, 'Gratus2', '2019-02-05', 1, 2),
(46, 'Gratus2', '2019-02-05', 1, 2),
(47, 'Gratus2', '2019-02-05', 1, 2),
(48, 'Gratus2', '2019-02-05', 1, 2),
(49, 'Gratus2', '2019-02-05', 1, 2),
(50, 'Gratus2', '2019-02-05', 1, 2),
(51, 'Gratus2', '2019-02-05', 1, 2),
(52, 'Gratus2', '2019-02-05', 1, 2),
(53, 'Gratus2', '2019-02-05', 1, 2),
(54, 'Gratus2', '2019-02-05', 1, 2),
(55, 'Gratus2', '2019-02-05', 1, 2),
(56, 'Gratus2', '2019-02-05', 1, 2),
(57, 'Gratus2', '2019-02-05', 1, 2),
(58, 'Gratus2', '2019-02-05', 1, 2),
(59, 'Gratus2', '2019-02-05', 1, 2),
(60, 'Gratus2', '2019-02-05', 1, 2),
(61, 'Gratus2', '2019-02-05', 1, 2),
(62, 'Gratus2', '2019-02-05', 1, 2),
(63, 'Gratus2', '2019-02-05', 1, 2),
(64, 'Gratus2', '2019-02-05', 1, 2),
(65, 'Gratus2', '2019-02-05', 1, 2),
(66, 'Gratus2', '2019-02-05', 1, 2),
(67, 'Gratus2', '2019-02-05', 1, 2),
(68, 'Gratus2', '2019-02-05', 1, 2),
(69, 'Gratus2', '2019-02-05', 1, 2),
(70, 'Gratus2', '2019-02-05', 1, 2),
(71, 'Gratus2', '2019-02-05', 1, 2),
(72, 'Gratus2', '2019-02-05', 1, 2),
(73, 'Gratus2', '2019-02-05', 1, 2),
(74, 'Gratus2', '2019-02-05', 1, 2),
(75, 'Gratus2', '2019-02-05', 1, 2),
(76, 'Gratus2', '2019-02-05', 1, 2),
(77, 'Gratus2', '2019-02-05', 1, 2),
(78, 'Gratus2', '2019-02-05', 1, 2),
(79, 'Gratus2', '2019-02-05', 1, 2),
(80, 'Gratus2', '2019-02-05', 1, 2),
(81, 'Gratus2', '2019-02-05', 1, 2),
(82, 'Gratus2', '2019-02-05', 1, 2),
(83, 'Gratus2', '2019-02-05', 1, 2),
(84, 'Gratus2', '2019-02-05', 1, 2),
(85, 'Gratus2', '2019-02-05', 1, 2),
(86, 'Gratus2', '2019-02-05', 1, 2),
(87, 'Gratus2', '2019-02-05', 1, 2),
(88, 'Gratus2', '2019-02-05', 1, 2),
(89, 'Gratus2', '2019-02-05', 1, 2),
(90, 'Gratus2', '2019-02-05', 1, 2),
(91, 'Gratus2', '2019-02-05', 1, 2),
(92, 'Gratus2', '2019-02-05', 1, 2),
(93, 'Gratus2', '2019-02-05', 1, 2),
(94, 'Gratus2', '2019-02-05', 1, 2),
(95, 'Gratus2', '2019-02-05', 1, 2),
(96, 'Gratus2', '2019-02-05', 1, 2),
(97, 'Gratus2', '2019-02-05', 1, 2),
(98, 'Gratus2', '2019-02-05', 1, 2),
(99, 'Gratus2', '2019-02-05', 1, 2),
(100, 'Gratus2', '2019-02-05', 1, 2),
(101, 'Gratus2', '2019-02-05', 1, 2),
(102, 'Gratus2', '2019-02-05', 1, 2),
(103, 'Gratus2', '2019-02-05', 1, 2),
(104, 'Gratus2', '2019-02-05', 1, 2),
(105, 'Gratus2', '2019-02-05', 1, 2),
(106, 'Gratus2', '2019-02-05', 1, 2),
(107, 'Gratus2', '2019-02-05', 1, 2),
(108, 'Gratus2', '2019-02-05', 1, 2),
(109, 'Gratus2', '2019-02-05', 1, 2),
(110, 'Gratus2', '2019-02-05', 1, 2),
(111, 'Gratus2', '2019-02-05', 1, 2),
(112, 'Gratus2', '2019-02-05', 1, 2),
(113, 'Gratus2', '2019-02-05', 1, 2),
(114, 'Gratus2', '2019-02-05', 1, 2),
(115, 'Gratus2', '2019-02-05', 1, 2),
(116, 'Gratus2', '2019-02-05', 1, 2),
(117, 'Gratus2', '2019-02-05', 1, 2),
(118, 'Gratus2', '2019-02-05', 1, 2),
(119, 'Gratus2', '2019-02-05', 1, 2),
(120, 'Gratus2', '2019-02-05', 1, 2),
(121, 'Gratus2', '2019-02-05', 1, 2),
(122, 'Gratus2', '2019-02-05', 1, 2),
(123, 'Gratus2', '2019-02-05', 1, 2),
(124, 'Gratus2', '2019-02-05', 1, 2),
(125, 'Gratus2', '2019-02-05', 1, 2),
(126, 'Gratus2', '2019-02-05', 1, 2),
(127, 'Gratus2', '2019-02-05', 1, 2),
(128, 'Gratus2', '2019-02-05', 1, 2),
(129, 'Gratus2', '2019-02-05', 1, 2),
(130, 'Gratus2', '2019-02-05', 1, 2),
(131, 'Gratus2', '2019-02-05', 1, 2),
(132, 'Gratus2', '2019-02-05', 1, 2),
(133, 'Gratus2', '2019-02-05', 1, 2),
(134, 'Gratus2', '2019-02-05', 1, 2),
(135, 'Gratus2', '2019-02-05', 1, 2),
(136, 'Gratus2', '2019-02-05', 1, 2),
(137, 'Gratus2', '2019-02-05', 1, 2),
(138, 'Gratus2', '2019-02-05', 1, 2),
(139, 'Gratus2', '2019-02-05', 1, 2),
(140, 'Gratus2', '2019-02-05', 1, 2),
(141, 'Gratus2', '2019-02-05', 1, 2),
(142, 'Gratus2', '2019-02-05', 1, 2),
(143, 'Gratus2', '2019-02-05', 1, 2),
(144, 'Gratus2', '2019-02-05', 1, 2),
(145, 'Gratus2', '2019-02-05', 1, 2),
(146, 'Gratus2', '2019-02-05', 1, 2),
(147, 'Gratus2', '2019-02-05', 1, 2),
(148, 'Gratus2', '2019-02-05', 1, 2),
(149, 'Gratus2', '2019-02-05', 1, 2),
(150, 'Gratus2', '2019-02-05', 1, 2),
(151, 'Gratus2', '2019-02-05', 1, 2),
(152, 'Gratus2', '2019-02-05', 1, 2),
(153, 'Gratus2', '2019-02-05', 1, 2),
(154, 'Gratus2', '2019-02-05', 1, 2),
(155, 'Gratus2', '2019-02-05', 1, 2),
(156, 'Gratus2', '2019-02-05', 1, 2),
(157, 'Gratus2', '2019-02-05', 1, 2),
(158, 'Gratus2', '2019-02-05', 1, 2),
(159, 'Gratus2', '2019-02-05', 1, 2),
(160, 'Gratus2', '2019-02-05', 1, 2),
(161, 'Gratus2', '2019-02-05', 1, 2),
(162, 'Gratus2', '2019-02-05', 1, 2),
(163, 'Gratus2', '2019-02-05', 1, 2),
(164, 'Gratus2', '2019-02-05', 1, 2),
(165, 'Gratus2', '2019-02-05', 1, 2),
(166, 'Gratus2', '2019-02-05', 1, 2),
(167, 'Gratus2', '2019-02-05', 1, 2),
(168, 'Gratus2', '2019-02-05', 1, 2),
(169, 'Gratus2', '2019-02-05', 1, 2),
(170, 'Gratus2', '2019-02-05', 1, 2),
(171, 'Gratus2', '2019-02-05', 1, 2),
(172, 'Gratus2', '2019-02-05', 1, 2),
(173, 'Gratus2', '2019-02-05', 1, 2),
(174, 'Gratus2', '2019-02-05', 1, 2),
(175, 'Gratus2', '2019-02-05', 1, 2),
(176, 'Gratus2', '2019-02-05', 1, 2),
(177, 'Gratus2', '2019-02-05', 1, 2),
(178, 'Gratus2', '2019-02-05', 1, 2),
(179, 'Gratus2', '2019-02-05', 1, 2),
(180, 'Gratus2', '2019-02-05', 1, 2),
(181, 'Gratus2', '2019-02-05', 1, 2),
(182, 'Gratus2', '2019-02-05', 1, 2),
(183, 'Gratus2', '2019-02-05', 1, 2),
(184, 'Gratus2', '2019-02-05', 1, 2),
(185, 'Gratus2', '2019-02-05', 1, 2),
(186, 'Gratus2', '2019-02-05', 1, 2),
(187, 'Gratus2', '2019-02-05', 1, 2),
(188, 'Gratus2', '2019-02-05', 1, 2),
(189, 'Gratus2', '2019-02-05', 1, 2),
(190, 'Gratus2', '2019-02-05', 1, 2),
(191, 'Gratus2', '2019-02-05', 1, 2),
(192, 'Gratus2', '2019-02-05', 1, 2),
(193, 'Gratus2', '2019-02-05', 1, 2),
(194, 'Gratus2', '2019-02-05', 1, 2),
(195, 'Gratus2', '2019-02-05', 1, 2),
(196, 'Gratus2', '2019-02-05', 1, 2),
(197, 'Gratus2', '2019-02-05', 1, 2),
(198, 'Gratus2', '2019-02-05', 1, 2),
(199, 'Gratus2', '2019-02-05', 1, 2),
(200, 'Gratus2', '2019-02-05', 1, 2),
(201, 'Gratus2', '2019-02-05', 1, 2),
(202, 'Gratus2', '2019-02-05', 1, 2),
(203, 'Gratus2', '2019-02-05', 1, 2),
(204, 'Gratus2', '2019-02-05', 1, 2),
(205, 'Gratus2', '2019-02-05', 1, 2),
(206, 'Gratus2', '2019-02-05', 1, 2),
(207, 'Gratus2', '2019-02-05', 1, 2),
(208, 'Gratus2', '2019-02-05', 1, 2),
(209, 'Gratus2', '2019-02-05', 1, 2),
(210, 'Gratus2', '2019-02-05', 1, 2),
(211, 'Gratus2', '2019-02-05', 1, 2),
(216, 'Gratus2', '2019-02-05', 1, 2),
(217, 'a', '2021-02-03', 5, 9),
(218, 'Gratus2', '2019-02-05', 1, 2),
(219, 'Gratus2', '2019-02-05', 1, 2),
(220, 'Gratus2', '2019-02-05', 1, 2),
(221, 'Gratus2', '2019-02-05', 1, 2),
(222, 'Gratus2', '2019-02-05', 1, 2),
(223, 'Gratus2', '2019-02-05', 1, 2),
(224, 'Gratus2', '2019-02-05', 1, 2),
(225, 'Gratus2', '2019-02-05', 1, 2),
(226, 'Gratus2', '2019-02-05', 1, 2),
(227, 'Gratus2', '2019-02-05', 1, 2),
(228, 'Gratus2', '2019-02-05', 1, 2),
(229, 'Gratus2', '2019-02-05', 1, 2),
(230, 'Gratus2', '2019-02-05', 1, 2),
(231, 'Gratus2', '2019-02-05', 1, 2),
(232, 'Gratus2', '2019-02-05', 1, 2),
(233, 'Gratus2', '2019-02-05', 1, 2),
(234, 'Gratus2', '2019-02-05', 1, 2),
(235, 'Gratus2', '2019-02-05', 1, 2),
(236, 'Gratus2', '2019-02-05', 1, 2),
(237, 'Gratus2', '2019-02-05', 1, 2),
(238, 'Gratus2', '2019-02-05', 1, 2),
(239, 'Gratus2', '2019-02-05', 1, 2),
(240, 'Gratus2', '2019-02-05', 1, 2),
(241, 'Gratus2', '2019-02-05', 1, 2),
(242, 'Gratus2', '2019-02-05', 1, 2),
(243, 'Gratus2', '2019-02-05', 1, 2),
(244, 'Gratus2', '2019-02-05', 1, 2),
(245, 'Gratus2', '2019-02-05', 1, 2),
(246, 'Gratus2', '2019-02-05', 1, 2),
(247, 'Gratus2', '2019-02-05', 1, 2),
(248, 'Gratus2', '2019-02-05', 1, 2),
(249, 'Gratus2', '2019-02-05', 1, 2),
(250, 'Gratus2', '2019-02-05', 1, 2),
(251, 'Gratus2', '2019-02-05', 1, 2),
(252, 'Gratus2', '2019-02-05', 1, 2),
(253, 'Gratus2', '2019-02-05', 1, 2),
(254, 'Gratus2', '2019-02-05', 1, 2),
(255, 'Gratus2', '2019-02-05', 1, 2),
(256, 'Gratus2', '2019-02-05', 1, 2),
(257, 'Gratus2', '2019-02-05', 1, 2),
(258, 'Gratus2', '2019-02-05', 1, 2),
(259, 'Gratus2', '2019-02-05', 1, 2),
(260, 'Gratus2', '2019-02-05', 1, 2),
(261, 'Gratus2', '2019-02-05', 1, 2),
(262, 'Gratus2', '2019-02-05', 1, 2),
(263, 'Gratus2', '2019-02-05', 1, 2),
(264, 'Gratus2', '2019-02-05', 1, 2),
(265, 'Gratus2', '2019-02-05', 1, 2),
(266, 'Gratus2', '2019-02-05', 1, 2),
(267, 'Gratus2', '2019-02-05', 1, 2),
(268, 'Gratus2', '2019-02-05', 1, 2),
(269, 'Gratus2', '2019-02-05', 1, 2),
(270, 'Gratus2', '2019-02-05', 1, 2),
(271, 'Gratus2', '2019-02-05', 1, 2),
(272, 'Gratus2', '2019-02-05', 1, 2),
(273, 'Gratus2', '2019-02-05', 1, 2),
(274, 'Gratus2', '2019-02-05', 1, 2),
(275, 'Gratus2', '2019-02-05', 1, 2),
(276, 'Gratus2', '2019-02-05', 1, 2),
(277, 'Gratus2', '2019-02-05', 1, 2),
(278, 'Gratus2', '2019-02-05', 1, 2),
(279, 'Gratus2', '2019-02-05', 1, 2),
(280, 'Gratus2', '2019-02-05', 1, 2),
(281, 'Gratus2', '2019-02-05', 1, 2),
(282, 'Gratus2', '2019-02-05', 1, 2),
(283, 'Gratus2', '2019-02-05', 1, 2),
(284, 'Gratus2', '2019-02-05', 1, 2),
(285, 'Gratus2', '2019-02-05', 1, 2),
(286, 'Gratus2', '2019-02-05', 1, 2),
(287, 'Gratus2', '2019-02-05', 1, 2),
(288, 'Gratus2', '2019-02-05', 1, 2),
(289, 'Gratus2', '2019-02-05', 1, 2),
(290, 'Gratus2', '2019-02-05', 1, 2),
(291, 'Gratus2', '2019-02-05', 1, 2),
(292, 'Gratus2', '2019-02-05', 1, 2),
(293, 'Gratus2', '2019-02-05', 1, 2),
(294, 'Gratus2', '2019-02-05', 1, 2),
(295, 'Gratus2', '2019-02-05', 1, 2),
(296, 'Gratus2', '2019-02-05', 1, 2),
(297, 'Gratus2', '2019-02-05', 1, 2),
(298, 'Gratus2', '2019-02-05', 1, 2),
(299, 'Gratus2', '2019-02-05', 1, 2),
(300, 'Gratus2', '2019-02-05', 1, 2),
(301, 'Gratus2', '2019-02-05', 1, 2),
(302, 'Gratus2', '2019-02-05', 1, 2),
(303, 'Gratus2', '2019-02-05', 1, 2),
(304, 'Gratus2', '2019-02-05', 1, 2),
(305, 'Gratus2', '2019-02-05', 1, 2),
(306, 'Gratus2', '2019-02-05', 1, 2),
(307, 'Gratus2', '2019-02-05', 1, 2),
(308, 'Gratus2', '2019-02-05', 1, 2),
(309, 'Gratus2', '2019-02-05', 1, 2),
(310, 'Gratus2', '2019-02-05', 1, 2),
(311, 'Gratus2', '2019-02-05', 1, 2),
(312, 'Gratus2', '2019-02-05', 1, 2),
(313, 'Gratus2', '2019-02-05', 1, 2),
(314, 'Gratus2', '2019-02-05', 1, 2),
(315, 'Gratus2', '2019-02-05', 1, 2),
(316, 'Gratus2', '2019-02-05', 1, 2),
(317, 'Gratus2', '2019-02-05', 1, 2),
(318, 'Gratus2', '2019-02-05', 1, 2),
(319, 'Gratus2', '2019-02-05', 1, 2),
(320, 'Gratus2', '2019-02-05', 1, 2),
(321, 'Gratus2', '2019-02-05', 1, 2),
(322, 'Gratus2', '2019-02-05', 1, 2),
(323, 'Gratus2', '2019-02-05', 1, 2),
(324, 'Gratus2', '2019-02-05', 1, 2),
(325, 'Gratus2', '2019-02-05', 1, 2),
(326, 'Gratus2', '2019-02-05', 1, 2),
(327, 'Gratus2', '2019-02-05', 1, 2),
(328, 'Gratus2', '2019-02-05', 1, 2),
(329, 'Gratus2', '2019-02-05', 1, 2),
(330, 'Gratus2', '2019-02-05', 1, 2),
(331, 'Gratus2', '2019-02-05', 1, 2),
(332, 'Gratus2', '2019-02-05', 1, 2),
(333, 'Gratus2', '2019-02-05', 1, 2),
(334, 'Gratus2', '2019-02-05', 1, 2),
(335, 'Gratus2', '2019-02-05', 1, 2),
(336, 'Gratus2', '2019-02-05', 1, 2),
(337, 'Gratus2', '2019-02-05', 1, 2),
(338, 'Gratus2', '2019-02-05', 1, 2),
(339, 'Gratus2', '2019-02-05', 1, 2),
(340, 'Gratus2', '2019-02-05', 1, 2),
(341, 'Gratus2', '2019-02-05', 1, 2),
(342, 'Gratus2', '2019-02-05', 1, 2),
(343, 'Gratus2', '2019-02-05', 1, 2),
(344, 'Gratus2', '2019-02-05', 1, 2),
(345, 'Gratus2', '2019-02-05', 1, 2),
(346, 'Gratus2', '2019-02-05', 1, 2),
(347, 'Gratus2', '2019-02-05', 1, 2),
(348, 'Gratus2', '2019-02-05', 1, 2),
(349, 'Gratus2', '2019-02-05', 1, 2),
(350, 'Gratus2', '2019-02-05', 1, 2),
(351, 'Gratus2', '2019-02-05', 1, 2);

-- --------------------------------------------------------

--
-- Estructura de tabla para la tabla `privilege`
--

CREATE TABLE `privilege` (
  `id` int(11) NOT NULL,
  `name` varchar(255) NOT NULL
) ENGINE=InnoDB DEFAULT CHARSET=utf8;

--
-- Volcado de datos para la tabla `privilege`
--

INSERT INTO `privilege` (`id`, `name`) VALUES
(1, 'ADMIN_PRIVILEGE'),
(2, 'OWNER_PRIVILEGE');

-- --------------------------------------------------------

--
-- Estructura de tabla para la tabla `products`
--

CREATE TABLE `products` (
  `id` int(11) NOT NULL,
  `name` varchar(50) CHARACTER SET utf8 NOT NULL,
  `description` text CHARACTER SET utf8 NOT NULL,
  `price` float NOT NULL,
  `existence` int(11) NOT NULL,
  `photo` varchar(250) CHARACTER SET utf8 NOT NULL
) ENGINE=InnoDB DEFAULT CHARSET=latin1;

--
-- Volcado de datos para la tabla `products`
--

INSERT INTO `products` (`id`, `name`, `description`, `price`, `existence`, `photo`) VALUES
(1, 'prueba', 'Descripción', 10, 0, '/resources/images/tierra-arena-texturizada_1368-6106.jpg'),
(8, 'Producto 3', 'Descripción', 90, 2, '/resources/images/aa.jpg'),
(10, 'Producto 5 ', 'Descripción', 9, 0, '/resources/images/images.jpg'),
(11, 'Producto 6', 'Descripción', 120, 17, '/resources/images/aa.jpg'),
(14, 'Producto 8', 'Descripción', 56, 3, '/resources/images/tierra-arena-texturizada_1368-6106.jpg'),
(15, 'Producto10', 'Descripción', 100, 1, '/resources/images/images.jpg'),
(16, 'Producto11', 'Descripción', 9, 0, '/resources/images/tierra-arena-texturizada_1368-6106.jpg'),
(21, 'Producto 15', 'Descripción', 45, 13, '/resources/images/images.jpg');

-- --------------------------------------------------------

--
-- Estructura de tabla para la tabla `recetas`
--

CREATE TABLE `recetas` (
  `id` int(11) NOT NULL,
  `medicamento` varchar(250) NOT NULL,
  `dosis` varchar(250) NOT NULL,
  `frecuencia` int(255) NOT NULL,
  `fecha` date DEFAULT NULL,
  `cita_id` int(11) NOT NULL
) ENGINE=InnoDB DEFAULT CHARSET=utf8;

--
-- Volcado de datos para la tabla `recetas`
--

INSERT INTO `recetas` (`id`, `medicamento`, `dosis`, `frecuencia`, `fecha`, `cita_id`) VALUES
(1, 'Nombre', '1', 1, '2021-03-16', 1),
(2, 'Nombre', '1', 0, '2021-03-15', 1),
(3, 'Nombre', '1', 1, '2021-03-11', 1);

-- --------------------------------------------------------

--
-- Estructura de tabla para la tabla `records`
--

CREATE TABLE `records` (
  `id` int(4) UNSIGNED NOT NULL,
  `description` varchar(255) DEFAULT NULL,
  `record_date` timestamp NULL DEFAULT current_timestamp(),
  `type` varchar(255) DEFAULT NULL,
  `user_email` varchar(255) DEFAULT NULL
) ENGINE=InnoDB DEFAULT CHARSET=utf8;

--
-- Volcado de datos para la tabla `records`
--

INSERT INTO `records` (`id`, `description`, `record_date`, `type`, `user_email`) VALUES
(1, 'Contraseña o usuario incorrectos', '2019-03-29 01:46:12', 'failure', 'test'),
(2, 'Contraseña o usuario incorrectos', '2019-03-29 01:46:17', 'failure', 'admin'),
(3, 'Contraseña o usuario incorrectos', '2019-03-29 01:46:21', 'failure', 'admin'),
(4, 'Contraseña o usuario incorrectos', '2019-03-29 01:48:02', 'failure', 'admin'),
(5, 'Contraseña o usuario incorrectos', '2019-03-29 01:48:09', 'failure', 'admin'),
(6, 'Usuario ingreso al sistema sin problemas', '2019-03-29 01:48:23', 'success', 'admin@admin.com'),
(7, 'Contraseña o usuario incorrectos', '2019-03-29 01:48:53', 'failure', 'owner@owner.com'),
(8, 'Usuario ingreso al sistema sin problemas', '2019-03-29 01:49:03', 'success', 'owner@owner.com'),
(9, 'El usuario esta deshabilitado', '2019-03-29 02:20:39', 'failure', 'disabled@disabled.com'),
(10, 'Usuario ingreso al sistema sin problemas', '2019-03-29 02:20:40', 'success', 'admin@admin.com'),
(11, 'Contraseña o usuario incorrectos', '2019-03-29 02:20:40', 'failure', 'test'),
(12, 'Contraseña o usuario incorrectos', '2019-03-29 02:20:40', 'failure', 'owner@owner.com'),
(13, 'Usuario ingreso al sistema sin problemas', '2019-03-29 02:46:17', 'success', 'admin@admin.com'),
(14, 'Contraseña o usuario incorrectos', '2019-03-29 03:18:50', 'failure', 'disabled@disabled.com'),
(15, 'Usuario ingreso al sistema sin problemas', '2019-03-29 03:18:51', 'success', 'admin@admin.com'),
(16, 'Contraseña o usuario incorrectos', '2019-03-29 03:18:51', 'failure', 'test'),
(17, 'Usuario ingreso al sistema sin problemas', '2019-03-29 03:18:51', 'success', 'owner@owner.com'),
(18, 'El usuario esta deshabilitado', '2019-03-29 03:21:09', 'failure', 'prueba@prueba2.com'),
(19, 'El usuario esta deshabilitado', '2019-03-29 03:24:16', 'failure', 'prueba@prueba2.com'),
(20, 'Usuario ingreso al sistema sin problemas', '2019-03-29 03:24:17', 'success', 'admin@admin.com'),
(21, 'Contraseña o usuario incorrectos', '2019-03-29 03:24:17', 'failure', 'test'),
(22, 'Usuario ingreso al sistema sin problemas', '2019-03-29 03:24:17', 'success', 'owner@owner.com'),
(23, 'El usuario esta deshabilitado', '2019-03-29 03:32:06', 'failure', 'prueba@prueba2.com'),
(24, 'Usuario ingreso al sistema sin problemas', '2019-03-29 03:32:07', 'success', 'admin@admin.com'),
(25, 'Contraseña o usuario incorrectos', '2019-03-29 03:32:07', 'failure', 'test'),
(26, 'Usuario ingreso al sistema sin problemas', '2019-03-29 03:32:07', 'success', 'owner@owner.com'),
(27, 'Usuario ingreso al sistema sin problemas', '2019-03-29 03:55:27', 'success', 'admin@admin.com'),
(28, 'El usuario esta deshabilitado', '2019-03-29 21:46:46', 'failure', 'prueba@prueba2.com'),
(29, 'Usuario ingreso al sistema sin problemas', '2019-03-29 21:46:46', 'success', 'admin@admin.com'),
(30, 'Contraseña o usuario incorrectos', '2019-03-29 21:46:46', 'failure', 'test'),
(31, 'Usuario ingreso al sistema sin problemas', '2019-03-29 21:46:46', 'success', 'owner@owner.com'),
(32, 'El usuario esta deshabilitado', '2021-02-07 23:46:16', 'failure', 'prueba@prueba2.com'),
(33, 'Usuario ingreso al sistema sin problemas', '2021-02-07 23:46:16', 'success', 'admin@admin.com'),
(34, 'Contraseña o usuario incorrectos', '2021-02-07 23:46:16', 'failure', 'test'),
(35, 'Usuario ingreso al sistema sin problemas', '2021-02-07 23:46:17', 'success', 'owner@owner.com'),
(36, 'Usuario ingreso al sistema sin problemas', '2021-02-07 23:50:12', 'success', 'admin@admin.com'),
(37, 'El usuario esta deshabilitado', '2021-02-07 23:52:48', 'failure', 'prueba@prueba2.com'),
(38, 'Usuario ingreso al sistema sin problemas', '2021-02-07 23:52:48', 'success', 'admin@admin.com'),
(39, 'Contraseña o usuario incorrectos', '2021-02-07 23:52:48', 'failure', 'test'),
(40, 'Usuario ingreso al sistema sin problemas', '2021-02-07 23:52:48', 'success', 'owner@owner.com'),
(41, 'Usuario ingreso al sistema sin problemas', '2021-02-07 23:55:39', 'success', 'admin@admin.com'),
(42, 'Usuario ingreso al sistema sin problemas', '2021-02-07 23:57:26', 'success', 'admin@admin.com'),
(43, 'El usuario esta deshabilitado', '2021-02-08 09:12:52', 'failure', 'prueba@prueba2.com'),
(44, 'Usuario ingreso al sistema sin problemas', '2021-02-08 09:12:52', 'success', 'admin@admin.com'),
(45, 'Contraseña o usuario incorrectos', '2021-02-08 09:12:52', 'failure', 'test'),
(46, 'Usuario ingreso al sistema sin problemas', '2021-02-08 09:12:53', 'success', 'owner@owner.com'),
(47, 'El usuario esta deshabilitado', '2021-02-08 11:35:42', 'failure', 'prueba@prueba2.com'),
(48, 'Usuario ingreso al sistema sin problemas', '2021-02-08 11:35:43', 'success', 'admin@admin.com'),
(49, 'Contraseña o usuario incorrectos', '2021-02-08 11:35:43', 'failure', 'test'),
(50, 'Usuario ingreso al sistema sin problemas', '2021-02-08 11:35:44', 'success', 'owner@owner.com'),
(51, 'El usuario esta deshabilitado', '2021-02-20 11:27:00', 'failure', 'prueba@prueba2.com'),
(52, 'Usuario ingreso al sistema sin problemas', '2021-02-20 11:27:00', 'success', 'admin@admin.com'),
(53, 'Contraseña o usuario incorrectos', '2021-02-20 11:27:00', 'failure', 'test'),
(54, 'Usuario ingreso al sistema sin problemas', '2021-02-20 11:27:00', 'success', 'owner@owner.com'),
(55, 'Contraseña o usuario incorrectos', '2021-02-20 11:27:43', 'failure', 'admin'),
(56, 'Usuario ingreso al sistema sin problemas', '2021-02-20 11:28:06', 'success', 'admin@admin.com'),
(57, 'Usuario ingreso al sistema sin problemas', '2021-02-20 11:28:42', 'success', 'admin@admin.com'),
(58, 'El usuario esta deshabilitado', '2021-02-20 11:31:18', 'failure', '12@12'),
(59, 'Usuario ingreso al sistema sin problemas', '2021-02-20 11:31:28', 'success', 'admin@admin.com'),
(60, 'Usuario ingreso al sistema sin problemas', '2021-02-20 11:32:06', 'success', '12@12'),
(61, 'Usuario ingreso al sistema sin problemas', '2021-02-20 11:34:43', 'success', 'admin@admin.com'),
(62, 'Usuario ingreso al sistema sin problemas', '2021-02-20 11:35:46', 'success', 'admin@admin.com'),
(63, 'Usuario ingreso al sistema sin problemas', '2021-02-20 11:36:06', 'success', 'admin@admin.com'),
(64, 'Usuario ingreso al sistema sin problemas', '2021-02-20 11:38:37', 'success', 'admin@admin.com'),
(65, 'Usuario ingreso al sistema sin problemas', '2021-02-20 11:39:12', 'success', '12@12'),
(66, 'Contraseña o usuario incorrectos', '2021-02-20 11:39:55', 'failure', 'admin@admin.com'),
(67, 'Usuario ingreso al sistema sin problemas', '2021-02-20 11:39:59', 'success', 'admin@admin.com'),
(68, 'Usuario ingreso al sistema sin problemas', '2021-02-20 11:43:49', 'success', '12@12'),
(69, 'Contraseña o usuario incorrectos', '2021-02-21 01:27:13', 'failure', 'admin@'),
(70, 'Usuario ingreso al sistema sin problemas', '2021-02-21 01:27:19', 'success', 'admin@admin.com'),
(71, 'Usuario ingreso al sistema sin problemas', '2021-02-21 01:27:48', 'success', '12@12'),
(72, 'Usuario ingreso al sistema sin problemas', '2021-02-21 01:30:51', 'success', '12@12'),
(73, 'Usuario ingreso al sistema sin problemas', '2021-02-21 01:31:14', 'success', '12@12'),
(74, 'Usuario ingreso al sistema sin problemas', '2021-02-21 11:00:55', 'success', '12@12'),
(75, 'El usuario esta deshabilitado', '2021-02-21 11:05:57', 'failure', 'prueba@prueba2.com'),
(76, 'Usuario ingreso al sistema sin problemas', '2021-02-21 11:05:58', 'success', 'admin@admin.com'),
(77, 'Contraseña o usuario incorrectos', '2021-02-21 11:05:58', 'failure', 'test'),
(78, 'Usuario ingreso al sistema sin problemas', '2021-02-21 11:05:58', 'success', 'owner@owner.com'),
(79, 'Usuario ingreso al sistema sin problemas', '2021-02-21 11:07:31', 'success', '12@12'),
(80, 'Usuario ingreso al sistema sin problemas', '2021-02-21 12:01:31', 'success', '12@12'),
(81, 'Usuario ingreso al sistema sin problemas', '2021-02-21 12:01:41', 'success', 'admin@admin.com'),
(82, 'Usuario ingreso al sistema sin problemas', '2021-02-21 12:03:29', 'success', 'admin@admin.com'),
(83, 'Usuario ingreso al sistema sin problemas', '2021-02-21 12:07:37', 'success', '12@12'),
(84, 'El usuario esta deshabilitado', '2021-02-21 22:41:51', 'failure', 'prueba@prueba2.com'),
(85, 'Usuario ingreso al sistema sin problemas', '2021-02-21 22:41:51', 'success', 'admin@admin.com'),
(86, 'Contraseña o usuario incorrectos', '2021-02-21 22:41:51', 'failure', 'test'),
(87, 'Usuario ingreso al sistema sin problemas', '2021-02-21 22:41:51', 'success', 'owner@owner.com'),
(88, 'Usuario ingreso al sistema sin problemas', '2021-02-21 22:45:19', 'success', '12@12'),
(89, 'El usuario esta deshabilitado', '2021-02-21 23:00:06', 'failure', 'prueba@prueba2.com'),
(90, 'Usuario ingreso al sistema sin problemas', '2021-02-21 23:00:06', 'success', 'admin@admin.com'),
(91, 'Contraseña o usuario incorrectos', '2021-02-21 23:00:06', 'failure', 'test'),
(92, 'Usuario ingreso al sistema sin problemas', '2021-02-21 23:00:06', 'success', 'owner@owner.com'),
(93, 'Usuario ingreso al sistema sin problemas', '2021-02-21 23:01:18', 'success', '12@12'),
(94, 'El usuario esta deshabilitado', '2021-02-21 23:03:03', 'failure', 'prueba@prueba2.com'),
(95, 'Usuario ingreso al sistema sin problemas', '2021-02-21 23:03:03', 'success', 'admin@admin.com'),
(96, 'Contraseña o usuario incorrectos', '2021-02-21 23:03:03', 'failure', 'test'),
(97, 'Usuario ingreso al sistema sin problemas', '2021-02-21 23:03:03', 'success', 'owner@owner.com'),
(98, 'Usuario ingreso al sistema sin problemas', '2021-02-21 23:13:02', 'success', '12@12'),
(99, 'El usuario esta deshabilitado', '2021-02-22 02:12:42', 'failure', 'prueba@prueba2.com'),
(100, 'Usuario ingreso al sistema sin problemas', '2021-02-22 02:12:42', 'success', 'admin@admin.com'),
(101, 'Contraseña o usuario incorrectos', '2021-02-22 02:12:42', 'failure', 'test'),
(102, 'Usuario ingreso al sistema sin problemas', '2021-02-22 02:12:42', 'success', 'owner@owner.com'),
(103, 'Usuario ingreso al sistema sin problemas', '2021-02-22 02:13:36', 'success', '12@12'),
(104, 'El usuario esta deshabilitado', '2021-02-22 02:16:11', 'failure', 'prueba@prueba2.com'),
(105, 'Usuario ingreso al sistema sin problemas', '2021-02-22 02:16:11', 'success', 'admin@admin.com'),
(106, 'Contraseña o usuario incorrectos', '2021-02-22 02:16:11', 'failure', 'test'),
(107, 'Usuario ingreso al sistema sin problemas', '2021-02-22 02:16:11', 'success', 'owner@owner.com'),
(108, 'Usuario ingreso al sistema sin problemas', '2021-02-22 02:16:45', 'success', '12@12'),
(109, 'El usuario esta deshabilitado', '2021-02-22 02:27:55', 'failure', 'prueba@prueba2.com'),
(110, 'Usuario ingreso al sistema sin problemas', '2021-02-22 02:27:55', 'success', 'admin@admin.com'),
(111, 'Contraseña o usuario incorrectos', '2021-02-22 02:27:55', 'failure', 'test'),
(112, 'Usuario ingreso al sistema sin problemas', '2021-02-22 02:27:55', 'success', 'owner@owner.com'),
(113, 'Usuario ingreso al sistema sin problemas', '2021-02-22 02:29:11', 'success', '12@12'),
(114, 'El usuario esta deshabilitado', '2021-02-22 02:30:51', 'failure', 'prueba@prueba2.com'),
(115, 'Usuario ingreso al sistema sin problemas', '2021-02-22 02:30:51', 'success', 'admin@admin.com'),
(116, 'Contraseña o usuario incorrectos', '2021-02-22 02:30:51', 'failure', 'test'),
(117, 'Usuario ingreso al sistema sin problemas', '2021-02-22 02:30:51', 'success', 'owner@owner.com'),
(118, 'Usuario ingreso al sistema sin problemas', '2021-02-22 02:31:30', 'success', '12@12'),
(119, 'El usuario esta deshabilitado', '2021-02-22 02:35:25', 'failure', 'prueba@prueba2.com'),
(120, 'Usuario ingreso al sistema sin problemas', '2021-02-22 02:35:25', 'success', 'admin@admin.com'),
(121, 'Contraseña o usuario incorrectos', '2021-02-22 02:35:25', 'failure', 'test'),
(122, 'Usuario ingreso al sistema sin problemas', '2021-02-22 02:35:25', 'success', 'owner@owner.com'),
(123, 'Usuario ingreso al sistema sin problemas', '2021-02-22 02:36:25', 'success', '12@12'),
(124, 'El usuario esta deshabilitado', '2021-02-22 02:41:21', 'failure', 'prueba@prueba2.com'),
(125, 'Usuario ingreso al sistema sin problemas', '2021-02-22 02:41:21', 'success', 'admin@admin.com'),
(126, 'Contraseña o usuario incorrectos', '2021-02-22 02:41:21', 'failure', 'test'),
(127, 'Usuario ingreso al sistema sin problemas', '2021-02-22 02:41:22', 'success', 'owner@owner.com'),
(128, 'Contraseña o usuario incorrectos', '2021-02-22 02:42:23', 'failure', '12@12'),
(129, 'Contraseña o usuario incorrectos', '2021-02-22 02:42:25', 'failure', 'admin'),
(130, 'Usuario ingreso al sistema sin problemas', '2021-02-22 02:42:28', 'success', 'admin@admin.com'),
(131, 'El usuario esta deshabilitado', '2021-02-22 03:03:32', 'failure', 'prueba@prueba2.com'),
(132, 'Usuario ingreso al sistema sin problemas', '2021-02-22 03:03:32', 'success', 'admin@admin.com'),
(133, 'Contraseña o usuario incorrectos', '2021-02-22 03:03:32', 'failure', 'test'),
(134, 'Usuario ingreso al sistema sin problemas', '2021-02-22 03:03:32', 'success', 'owner@owner.com'),
(135, 'Usuario ingreso al sistema sin problemas', '2021-02-22 03:03:56', 'success', '12@12'),
(136, 'Usuario ingreso al sistema sin problemas', '2021-02-22 03:08:12', 'success', 'admin@admin.com'),
(137, 'El usuario esta deshabilitado', '2021-02-22 03:10:54', 'failure', 'prueba@prueba2.com'),
(138, 'Usuario ingreso al sistema sin problemas', '2021-02-22 03:10:54', 'success', 'admin@admin.com'),
(139, 'Contraseña o usuario incorrectos', '2021-02-22 03:10:54', 'failure', 'test'),
(140, 'Usuario ingreso al sistema sin problemas', '2021-02-22 03:10:54', 'success', 'owner@owner.com'),
(141, 'Usuario ingreso al sistema sin problemas', '2021-02-22 03:11:24', 'success', 'admin@admin.com'),
(142, 'Usuario ingreso al sistema sin problemas', '2021-02-22 03:11:31', 'success', '12@12'),
(143, 'El usuario esta deshabilitado', '2021-02-22 03:12:52', 'failure', 'prueba@prueba2.com'),
(144, 'Usuario ingreso al sistema sin problemas', '2021-02-22 03:12:53', 'success', 'admin@admin.com'),
(145, 'Contraseña o usuario incorrectos', '2021-02-22 03:12:53', 'failure', 'test'),
(146, 'Usuario ingreso al sistema sin problemas', '2021-02-22 03:12:53', 'success', 'owner@owner.com'),
(147, 'El usuario esta deshabilitado', '2021-02-22 04:45:06', 'failure', 'prueba@prueba2.com'),
(148, 'Usuario ingreso al sistema sin problemas', '2021-02-22 04:45:07', 'success', 'admin@admin.com'),
(149, 'Contraseña o usuario incorrectos', '2021-02-22 04:45:07', 'failure', 'test'),
(150, 'Usuario ingreso al sistema sin problemas', '2021-02-22 04:45:07', 'success', 'owner@owner.com'),
(151, 'Usuario ingreso al sistema sin problemas', '2021-02-22 04:45:33', 'success', '12@12'),
(152, 'El usuario esta deshabilitado', '2021-02-22 04:47:45', 'failure', 'prueba@prueba2.com'),
(153, 'Usuario ingreso al sistema sin problemas', '2021-02-22 04:47:45', 'success', 'admin@admin.com'),
(154, 'Contraseña o usuario incorrectos', '2021-02-22 04:47:45', 'failure', 'test'),
(155, 'Usuario ingreso al sistema sin problemas', '2021-02-22 04:47:46', 'success', 'owner@owner.com'),
(156, 'El usuario esta deshabilitado', '2021-02-22 04:50:23', 'failure', 'prueba@prueba2.com'),
(157, 'Usuario ingreso al sistema sin problemas', '2021-02-22 04:50:23', 'success', 'admin@admin.com'),
(158, 'Contraseña o usuario incorrectos', '2021-02-22 04:50:23', 'failure', 'test'),
(159, 'Usuario ingreso al sistema sin problemas', '2021-02-22 04:50:23', 'success', 'owner@owner.com'),
(160, 'El usuario esta deshabilitado', '2021-02-22 05:38:05', 'failure', 'prueba@prueba2.com'),
(161, 'Usuario ingreso al sistema sin problemas', '2021-02-22 05:38:05', 'success', 'admin@admin.com'),
(162, 'Contraseña o usuario incorrectos', '2021-02-22 05:38:05', 'failure', 'test'),
(163, 'Usuario ingreso al sistema sin problemas', '2021-02-22 05:38:05', 'success', 'owner@owner.com'),
(164, 'El usuario esta deshabilitado', '2021-02-22 06:16:04', 'failure', 'prueba@prueba2.com'),
(165, 'Usuario ingreso al sistema sin problemas', '2021-02-22 06:16:04', 'success', 'admin@admin.com'),
(166, 'Contraseña o usuario incorrectos', '2021-02-22 06:16:04', 'failure', 'test'),
(167, 'Usuario ingreso al sistema sin problemas', '2021-02-22 06:16:05', 'success', 'owner@owner.com'),
(168, 'Usuario ingreso al sistema sin problemas', '2021-02-22 06:16:46', 'success', '12@12'),
(169, 'El usuario esta deshabilitado', '2021-02-22 06:18:12', 'failure', 'prueba@prueba2.com'),
(170, 'Usuario ingreso al sistema sin problemas', '2021-02-22 06:18:13', 'success', 'admin@admin.com'),
(171, 'Contraseña o usuario incorrectos', '2021-02-22 06:18:13', 'failure', 'test'),
(172, 'Usuario ingreso al sistema sin problemas', '2021-02-22 06:18:13', 'success', 'owner@owner.com'),
(173, 'El usuario esta deshabilitado', '2021-02-22 07:02:53', 'failure', 'prueba@prueba2.com'),
(174, 'Usuario ingreso al sistema sin problemas', '2021-02-22 07:02:54', 'success', 'admin@admin.com'),
(175, 'Contraseña o usuario incorrectos', '2021-02-22 07:02:54', 'failure', 'test'),
(176, 'Usuario ingreso al sistema sin problemas', '2021-02-22 07:02:54', 'success', 'owner@owner.com'),
(177, 'Contraseña o usuario incorrectos', '2021-02-22 07:03:13', 'failure', '12@12'),
(178, 'Usuario ingreso al sistema sin problemas', '2021-02-22 07:03:42', 'success', '12@12'),
(179, 'El usuario esta deshabilitado', '2021-02-22 07:04:58', 'failure', 'prueba@prueba2.com'),
(180, 'Usuario ingreso al sistema sin problemas', '2021-02-22 07:04:58', 'success', 'admin@admin.com'),
(181, 'Contraseña o usuario incorrectos', '2021-02-22 07:04:58', 'failure', 'test'),
(182, 'Usuario ingreso al sistema sin problemas', '2021-02-22 07:04:58', 'success', 'owner@owner.com'),
(183, 'El usuario esta deshabilitado', '2021-02-22 07:13:50', 'failure', 'prueba@prueba2.com'),
(184, 'Usuario ingreso al sistema sin problemas', '2021-02-22 07:13:50', 'success', 'admin@admin.com'),
(185, 'Contraseña o usuario incorrectos', '2021-02-22 07:13:51', 'failure', 'test'),
(186, 'Usuario ingreso al sistema sin problemas', '2021-02-22 07:13:52', 'success', 'owner@owner.com'),
(187, 'Usuario ingreso al sistema sin problemas', '2021-02-23 02:27:12', 'success', '12@12'),
(188, 'Contraseña o usuario incorrectos', '2021-02-23 02:45:11', 'failure', 'admin@admin.com'),
(189, 'Usuario ingreso al sistema sin problemas', '2021-02-23 02:45:18', 'success', 'admin@admin.com'),
(190, 'Usuario ingreso al sistema sin problemas', '2021-02-23 04:13:31', 'success', '12@12'),
(191, 'El usuario esta deshabilitado', '2021-02-23 04:14:54', 'failure', 'prueba@prueba2.com'),
(192, 'Usuario ingreso al sistema sin problemas', '2021-02-23 04:14:55', 'success', 'admin@admin.com'),
(193, 'Contraseña o usuario incorrectos', '2021-02-23 04:14:56', 'failure', 'test'),
(194, 'Usuario ingreso al sistema sin problemas', '2021-02-23 04:14:56', 'success', 'owner@owner.com'),
(195, 'El usuario esta deshabilitado', '2021-02-23 04:18:07', 'failure', 'prueba@prueba2.com'),
(196, 'Usuario ingreso al sistema sin problemas', '2021-02-23 04:18:07', 'success', 'admin@admin.com'),
(197, 'Contraseña o usuario incorrectos', '2021-02-23 04:18:07', 'failure', 'test'),
(198, 'Usuario ingreso al sistema sin problemas', '2021-02-23 04:18:07', 'success', 'owner@owner.com'),
(199, 'El usuario esta deshabilitado', '2021-02-23 04:20:57', 'failure', 'prueba@prueba2.com'),
(200, 'Usuario ingreso al sistema sin problemas', '2021-02-23 04:20:57', 'success', 'admin@admin.com'),
(201, 'Contraseña o usuario incorrectos', '2021-02-23 04:20:57', 'failure', 'test'),
(202, 'Usuario ingreso al sistema sin problemas', '2021-02-23 04:20:57', 'success', 'owner@owner.com'),
(203, 'El usuario esta deshabilitado', '2021-02-23 04:57:51', 'failure', 'prueba@prueba2.com'),
(204, 'Usuario ingreso al sistema sin problemas', '2021-02-23 04:57:52', 'success', 'admin@admin.com'),
(205, 'Contraseña o usuario incorrectos', '2021-02-23 04:57:52', 'failure', 'test'),
(206, 'Usuario ingreso al sistema sin problemas', '2021-02-23 04:57:52', 'success', 'owner@owner.com'),
(207, 'Usuario ingreso al sistema sin problemas', '2021-02-23 04:59:01', 'success', '12@12'),
(208, 'Usuario ingreso al sistema sin problemas', '2021-02-23 04:59:35', 'success', 'admin@admin.com'),
(209, 'Usuario ingreso al sistema sin problemas', '2021-02-23 04:59:47', 'success', '12@12'),
(210, 'El usuario esta deshabilitado', '2021-02-23 05:01:33', 'failure', 'prueba@prueba2.com'),
(211, 'Usuario ingreso al sistema sin problemas', '2021-02-23 05:01:33', 'success', 'admin@admin.com'),
(212, 'Contraseña o usuario incorrectos', '2021-02-23 05:01:33', 'failure', 'test'),
(213, 'Usuario ingreso al sistema sin problemas', '2021-02-23 05:01:33', 'success', 'owner@owner.com'),
(214, 'El usuario esta deshabilitado', '2021-02-23 05:03:19', 'failure', 'prueba@prueba2.com'),
(215, 'Usuario ingreso al sistema sin problemas', '2021-02-23 05:03:20', 'success', 'admin@admin.com'),
(216, 'Contraseña o usuario incorrectos', '2021-02-23 05:03:20', 'failure', 'test'),
(217, 'Usuario ingreso al sistema sin problemas', '2021-02-23 05:03:20', 'success', 'owner@owner.com'),
(218, 'El usuario esta deshabilitado', '2021-02-23 05:05:54', 'failure', 'prueba@prueba2.com'),
(219, 'Usuario ingreso al sistema sin problemas', '2021-02-23 05:05:54', 'success', 'admin@admin.com'),
(220, 'Contraseña o usuario incorrectos', '2021-02-23 05:05:54', 'failure', 'test'),
(221, 'Usuario ingreso al sistema sin problemas', '2021-02-23 05:05:54', 'success', 'owner@owner.com'),
(222, 'El usuario esta deshabilitado', '2021-02-23 05:10:57', 'failure', 'prueba@prueba2.com'),
(223, 'Usuario ingreso al sistema sin problemas', '2021-02-23 05:10:57', 'success', 'admin@admin.com'),
(224, 'Contraseña o usuario incorrectos', '2021-02-23 05:10:57', 'failure', 'test'),
(225, 'Usuario ingreso al sistema sin problemas', '2021-02-23 05:10:57', 'success', 'owner@owner.com'),
(226, 'El usuario esta deshabilitado', '2021-02-23 05:12:18', 'failure', 'prueba@prueba2.com'),
(227, 'Usuario ingreso al sistema sin problemas', '2021-02-23 05:12:18', 'success', 'admin@admin.com'),
(228, 'Contraseña o usuario incorrectos', '2021-02-23 05:12:18', 'failure', 'test'),
(229, 'Usuario ingreso al sistema sin problemas', '2021-02-23 05:12:18', 'success', 'owner@owner.com'),
(230, 'El usuario esta deshabilitado', '2021-02-23 05:13:32', 'failure', 'prueba@prueba2.com'),
(231, 'Usuario ingreso al sistema sin problemas', '2021-02-23 05:13:32', 'success', 'admin@admin.com'),
(232, 'Contraseña o usuario incorrectos', '2021-02-23 05:13:32', 'failure', 'test'),
(233, 'Usuario ingreso al sistema sin problemas', '2021-02-23 05:13:32', 'success', 'owner@owner.com'),
(234, 'El usuario esta deshabilitado', '2021-02-23 05:14:54', 'failure', 'prueba@prueba2.com'),
(235, 'Usuario ingreso al sistema sin problemas', '2021-02-23 05:14:54', 'success', 'admin@admin.com'),
(236, 'Contraseña o usuario incorrectos', '2021-02-23 05:14:54', 'failure', 'test'),
(237, 'Usuario ingreso al sistema sin problemas', '2021-02-23 05:14:54', 'success', 'owner@owner.com'),
(238, 'El usuario esta deshabilitado', '2021-02-23 06:11:41', 'failure', 'prueba@prueba2.com'),
(239, 'Usuario ingreso al sistema sin problemas', '2021-02-23 06:11:42', 'success', 'admin@admin.com'),
(240, 'Contraseña o usuario incorrectos', '2021-02-23 06:11:42', 'failure', 'test'),
(241, 'Usuario ingreso al sistema sin problemas', '2021-02-23 06:11:42', 'success', 'owner@owner.com'),
(242, 'El usuario esta deshabilitado', '2021-02-23 06:12:50', 'failure', 'prueba@prueba2.com'),
(243, 'Usuario ingreso al sistema sin problemas', '2021-02-23 06:12:51', 'success', 'admin@admin.com'),
(244, 'Contraseña o usuario incorrectos', '2021-02-23 06:12:51', 'failure', 'test'),
(245, 'Usuario ingreso al sistema sin problemas', '2021-02-23 06:12:51', 'success', 'owner@owner.com'),
(246, 'Usuario ingreso al sistema sin problemas', '2021-02-23 06:15:08', 'success', '12@12'),
(247, 'El usuario esta deshabilitado', '2021-02-23 06:16:15', 'failure', 'prueba@prueba2.com'),
(248, 'Usuario ingreso al sistema sin problemas', '2021-02-23 06:16:15', 'success', 'admin@admin.com'),
(249, 'Contraseña o usuario incorrectos', '2021-02-23 06:16:15', 'failure', 'test'),
(250, 'Usuario ingreso al sistema sin problemas', '2021-02-23 06:16:15', 'success', 'owner@owner.com'),
(251, 'El usuario esta deshabilitado', '2021-02-23 06:17:27', 'failure', 'prueba@prueba2.com'),
(252, 'Usuario ingreso al sistema sin problemas', '2021-02-23 06:17:27', 'success', 'admin@admin.com'),
(253, 'Contraseña o usuario incorrectos', '2021-02-23 06:17:27', 'failure', 'test'),
(254, 'Usuario ingreso al sistema sin problemas', '2021-02-23 06:17:27', 'success', 'owner@owner.com'),
(255, 'Usuario ingreso al sistema sin problemas', '2021-02-23 06:18:14', 'success', 'admin@admin.com'),
(256, 'Usuario ingreso al sistema sin problemas', '2021-02-23 06:19:24', 'success', '12@12'),
(257, 'El usuario esta deshabilitado', '2021-02-23 06:21:08', 'failure', 'prueba@prueba2.com'),
(258, 'Usuario ingreso al sistema sin problemas', '2021-02-23 06:21:08', 'success', 'admin@admin.com'),
(259, 'Contraseña o usuario incorrectos', '2021-02-23 06:21:08', 'failure', 'test'),
(260, 'Usuario ingreso al sistema sin problemas', '2021-02-23 06:21:08', 'success', 'owner@owner.com'),
(261, 'El usuario esta deshabilitado', '2021-02-23 21:40:34', 'failure', 'prueba@prueba2.com'),
(262, 'Usuario ingreso al sistema sin problemas', '2021-02-23 21:40:34', 'success', 'admin@admin.com'),
(263, 'Contraseña o usuario incorrectos', '2021-02-23 21:40:34', 'failure', 'test'),
(264, 'Usuario ingreso al sistema sin problemas', '2021-02-23 21:40:34', 'success', 'owner@owner.com'),
(265, 'Usuario ingreso al sistema sin problemas', '2021-02-23 21:41:51', 'success', '12@12'),
(266, 'El usuario esta deshabilitado', '2021-02-23 21:45:11', 'failure', 'prueba@prueba2.com'),
(267, 'Usuario ingreso al sistema sin problemas', '2021-02-23 21:45:11', 'success', 'admin@admin.com'),
(268, 'Contraseña o usuario incorrectos', '2021-02-23 21:45:11', 'failure', 'test'),
(269, 'Usuario ingreso al sistema sin problemas', '2021-02-23 21:45:11', 'success', 'owner@owner.com'),
(270, 'El usuario esta deshabilitado', '2021-02-23 21:47:17', 'failure', 'prueba@prueba2.com'),
(271, 'Usuario ingreso al sistema sin problemas', '2021-02-23 21:47:17', 'success', 'admin@admin.com'),
(272, 'Contraseña o usuario incorrectos', '2021-02-23 21:47:17', 'failure', 'test'),
(273, 'Usuario ingreso al sistema sin problemas', '2021-02-23 21:47:17', 'success', 'owner@owner.com'),
(274, 'El usuario esta deshabilitado', '2021-02-23 21:49:31', 'failure', 'prueba@prueba2.com'),
(275, 'Usuario ingreso al sistema sin problemas', '2021-02-23 21:49:31', 'success', 'admin@admin.com'),
(276, 'Contraseña o usuario incorrectos', '2021-02-23 21:49:31', 'failure', 'test'),
(277, 'Usuario ingreso al sistema sin problemas', '2021-02-23 21:49:32', 'success', 'owner@owner.com'),
(278, 'El usuario esta deshabilitado', '2021-02-23 21:50:51', 'failure', 'prueba@prueba2.com'),
(279, 'Usuario ingreso al sistema sin problemas', '2021-02-23 21:50:51', 'success', 'admin@admin.com'),
(280, 'Contraseña o usuario incorrectos', '2021-02-23 21:50:51', 'failure', 'test'),
(281, 'Usuario ingreso al sistema sin problemas', '2021-02-23 21:50:51', 'success', 'owner@owner.com'),
(282, 'El usuario esta deshabilitado', '2021-02-23 22:00:54', 'failure', 'prueba@prueba2.com'),
(283, 'Usuario ingreso al sistema sin problemas', '2021-02-23 22:00:54', 'success', 'admin@admin.com'),
(284, 'Contraseña o usuario incorrectos', '2021-02-23 22:00:54', 'failure', 'test'),
(285, 'Usuario ingreso al sistema sin problemas', '2021-02-23 22:00:54', 'success', 'owner@owner.com'),
(286, 'El usuario esta deshabilitado', '2021-02-23 22:02:28', 'failure', 'prueba@prueba2.com'),
(287, 'Usuario ingreso al sistema sin problemas', '2021-02-23 22:02:29', 'success', 'admin@admin.com'),
(288, 'Contraseña o usuario incorrectos', '2021-02-23 22:02:30', 'failure', 'test'),
(289, 'Usuario ingreso al sistema sin problemas', '2021-02-23 22:02:30', 'success', 'owner@owner.com'),
(290, 'El usuario esta deshabilitado', '2021-02-23 22:06:18', 'failure', 'prueba@prueba2.com'),
(291, 'Usuario ingreso al sistema sin problemas', '2021-02-23 22:06:18', 'success', 'admin@admin.com'),
(292, 'Contraseña o usuario incorrectos', '2021-02-23 22:06:18', 'failure', 'test'),
(293, 'Usuario ingreso al sistema sin problemas', '2021-02-23 22:06:18', 'success', 'owner@owner.com'),
(294, 'El usuario esta deshabilitado', '2021-02-23 22:09:37', 'failure', 'prueba@prueba2.com'),
(295, 'Usuario ingreso al sistema sin problemas', '2021-02-23 22:09:37', 'success', 'admin@admin.com'),
(296, 'Contraseña o usuario incorrectos', '2021-02-23 22:09:37', 'failure', 'test'),
(297, 'Usuario ingreso al sistema sin problemas', '2021-02-23 22:09:37', 'success', 'owner@owner.com'),
(298, 'El usuario esta deshabilitado', '2021-02-23 22:11:59', 'failure', 'prueba@prueba2.com'),
(299, 'Usuario ingreso al sistema sin problemas', '2021-02-23 22:11:59', 'success', 'admin@admin.com'),
(300, 'Contraseña o usuario incorrectos', '2021-02-23 22:12:00', 'failure', 'test'),
(301, 'Usuario ingreso al sistema sin problemas', '2021-02-23 22:12:01', 'success', 'owner@owner.com'),
(302, 'El usuario esta deshabilitado', '2021-02-23 22:14:41', 'failure', 'prueba@prueba2.com'),
(303, 'Usuario ingreso al sistema sin problemas', '2021-02-23 22:14:41', 'success', 'admin@admin.com'),
(304, 'Contraseña o usuario incorrectos', '2021-02-23 22:14:41', 'failure', 'test'),
(305, 'Usuario ingreso al sistema sin problemas', '2021-02-23 22:14:41', 'success', 'owner@owner.com'),
(306, 'El usuario esta deshabilitado', '2021-02-23 22:33:52', 'failure', 'prueba@prueba2.com'),
(307, 'Usuario ingreso al sistema sin problemas', '2021-02-23 22:33:52', 'success', 'admin@admin.com'),
(308, 'Contraseña o usuario incorrectos', '2021-02-23 22:33:52', 'failure', 'test'),
(309, 'Usuario ingreso al sistema sin problemas', '2021-02-23 22:33:53', 'success', 'owner@owner.com'),
(310, 'El usuario esta deshabilitado', '2021-02-23 22:39:25', 'failure', 'prueba@prueba2.com'),
(311, 'Usuario ingreso al sistema sin problemas', '2021-02-23 22:39:25', 'success', 'admin@admin.com'),
(312, 'Contraseña o usuario incorrectos', '2021-02-23 22:39:26', 'failure', 'test'),
(313, 'Usuario ingreso al sistema sin problemas', '2021-02-23 22:39:26', 'success', 'owner@owner.com'),
(314, 'El usuario esta deshabilitado', '2021-02-23 22:46:31', 'failure', 'prueba@prueba2.com'),
(315, 'Usuario ingreso al sistema sin problemas', '2021-02-23 22:46:32', 'success', 'admin@admin.com'),
(316, 'Contraseña o usuario incorrectos', '2021-02-23 22:46:32', 'failure', 'test'),
(317, 'Usuario ingreso al sistema sin problemas', '2021-02-23 22:46:32', 'success', 'owner@owner.com'),
(318, 'El usuario esta deshabilitado', '2021-02-23 22:51:31', 'failure', 'prueba@prueba2.com'),
(319, 'Usuario ingreso al sistema sin problemas', '2021-02-23 22:51:31', 'success', 'admin@admin.com'),
(320, 'Contraseña o usuario incorrectos', '2021-02-23 22:51:31', 'failure', 'test'),
(321, 'Usuario ingreso al sistema sin problemas', '2021-02-23 22:51:31', 'success', 'owner@owner.com'),
(322, 'El usuario esta deshabilitado', '2021-02-23 22:53:45', 'failure', 'prueba@prueba2.com'),
(323, 'Usuario ingreso al sistema sin problemas', '2021-02-23 22:53:45', 'success', 'admin@admin.com'),
(324, 'Contraseña o usuario incorrectos', '2021-02-23 22:53:45', 'failure', 'test'),
(325, 'Usuario ingreso al sistema sin problemas', '2021-02-23 22:53:45', 'success', 'owner@owner.com'),
(326, 'El usuario esta deshabilitado', '2021-02-23 22:55:48', 'failure', 'prueba@prueba2.com'),
(327, 'Usuario ingreso al sistema sin problemas', '2021-02-23 22:55:48', 'success', 'admin@admin.com'),
(328, 'Contraseña o usuario incorrectos', '2021-02-23 22:55:48', 'failure', 'test'),
(329, 'Usuario ingreso al sistema sin problemas', '2021-02-23 22:55:48', 'success', 'owner@owner.com'),
(330, 'El usuario esta deshabilitado', '2021-02-23 22:57:39', 'failure', 'prueba@prueba2.com'),
(331, 'Usuario ingreso al sistema sin problemas', '2021-02-23 22:57:39', 'success', 'admin@admin.com'),
(332, 'Contraseña o usuario incorrectos', '2021-02-23 22:57:39', 'failure', 'test'),
(333, 'Usuario ingreso al sistema sin problemas', '2021-02-23 22:57:39', 'success', 'owner@owner.com'),
(334, 'El usuario esta deshabilitado', '2021-02-23 23:01:07', 'failure', 'prueba@prueba2.com'),
(335, 'Usuario ingreso al sistema sin problemas', '2021-02-23 23:01:07', 'success', 'admin@admin.com'),
(336, 'Contraseña o usuario incorrectos', '2021-02-23 23:01:07', 'failure', 'test'),
(337, 'Usuario ingreso al sistema sin problemas', '2021-02-23 23:01:08', 'success', 'owner@owner.com'),
(338, 'El usuario esta deshabilitado', '2021-02-23 23:02:57', 'failure', 'prueba@prueba2.com'),
(339, 'Usuario ingreso al sistema sin problemas', '2021-02-23 23:02:57', 'success', 'admin@admin.com'),
(340, 'Contraseña o usuario incorrectos', '2021-02-23 23:02:57', 'failure', 'test'),
(341, 'Usuario ingreso al sistema sin problemas', '2021-02-23 23:02:57', 'success', 'owner@owner.com'),
(342, 'El usuario esta deshabilitado', '2021-02-23 23:04:22', 'failure', 'prueba@prueba2.com'),
(343, 'Usuario ingreso al sistema sin problemas', '2021-02-23 23:04:22', 'success', 'admin@admin.com'),
(344, 'Contraseña o usuario incorrectos', '2021-02-23 23:04:22', 'failure', 'test'),
(345, 'Usuario ingreso al sistema sin problemas', '2021-02-23 23:04:22', 'success', 'owner@owner.com'),
(346, 'El usuario esta deshabilitado', '2021-02-23 23:08:28', 'failure', 'prueba@prueba2.com'),
(347, 'Usuario ingreso al sistema sin problemas', '2021-02-23 23:08:28', 'success', 'admin@admin.com'),
(348, 'Contraseña o usuario incorrectos', '2021-02-23 23:08:28', 'failure', 'test'),
(349, 'Usuario ingreso al sistema sin problemas', '2021-02-23 23:08:28', 'success', 'owner@owner.com'),
(350, 'El usuario esta deshabilitado', '2021-02-23 23:09:51', 'failure', 'prueba@prueba2.com'),
(351, 'Usuario ingreso al sistema sin problemas', '2021-02-23 23:09:51', 'success', 'admin@admin.com'),
(352, 'Contraseña o usuario incorrectos', '2021-02-23 23:09:51', 'failure', 'test'),
(353, 'Usuario ingreso al sistema sin problemas', '2021-02-23 23:09:51', 'success', 'owner@owner.com'),
(354, 'El usuario esta deshabilitado', '2021-02-23 23:12:32', 'failure', 'prueba@prueba2.com'),
(355, 'Usuario ingreso al sistema sin problemas', '2021-02-23 23:12:33', 'success', 'admin@admin.com'),
(356, 'Contraseña o usuario incorrectos', '2021-02-23 23:12:33', 'failure', 'test'),
(357, 'Usuario ingreso al sistema sin problemas', '2021-02-23 23:12:33', 'success', 'owner@owner.com'),
(358, 'El usuario esta deshabilitado', '2021-02-23 23:14:36', 'failure', 'prueba@prueba2.com'),
(359, 'Usuario ingreso al sistema sin problemas', '2021-02-23 23:14:36', 'success', 'admin@admin.com'),
(360, 'Contraseña o usuario incorrectos', '2021-02-23 23:14:36', 'failure', 'test'),
(361, 'Usuario ingreso al sistema sin problemas', '2021-02-23 23:14:36', 'success', 'owner@owner.com'),
(362, 'El usuario esta deshabilitado', '2021-02-23 23:19:44', 'failure', 'prueba@prueba2.com'),
(363, 'Usuario ingreso al sistema sin problemas', '2021-02-23 23:19:44', 'success', 'admin@admin.com'),
(364, 'Contraseña o usuario incorrectos', '2021-02-23 23:19:44', 'failure', 'test'),
(365, 'Usuario ingreso al sistema sin problemas', '2021-02-23 23:19:44', 'success', 'owner@owner.com'),
(366, 'El usuario esta deshabilitado', '2021-02-24 02:16:41', 'failure', 'prueba@prueba2.com'),
(367, 'Usuario ingreso al sistema sin problemas', '2021-02-24 02:16:41', 'success', 'admin@admin.com'),
(368, 'Contraseña o usuario incorrectos', '2021-02-24 02:16:41', 'failure', 'test'),
(369, 'Usuario ingreso al sistema sin problemas', '2021-02-24 02:16:41', 'success', 'owner@owner.com'),
(370, 'Usuario ingreso al sistema sin problemas', '2021-02-24 02:18:12', 'success', '12@12'),
(371, 'Usuario ingreso al sistema sin problemas', '2021-02-24 02:37:58', 'success', '12@12'),
(372, 'El usuario esta deshabilitado', '2021-02-24 02:45:17', 'failure', 'prueba@prueba2.com'),
(373, 'Usuario ingreso al sistema sin problemas', '2021-02-24 02:45:17', 'success', 'admin@admin.com'),
(374, 'Contraseña o usuario incorrectos', '2021-02-24 02:45:17', 'failure', 'test'),
(375, 'Usuario ingreso al sistema sin problemas', '2021-02-24 02:45:17', 'success', 'owner@owner.com'),
(376, 'Usuario ingreso al sistema sin problemas', '2021-02-24 02:45:35', 'success', '12@12'),
(377, 'El usuario esta deshabilitado', '2021-02-24 02:57:22', 'failure', 'prueba@prueba2.com'),
(378, 'Usuario ingreso al sistema sin problemas', '2021-02-24 02:57:23', 'success', 'admin@admin.com'),
(379, 'Contraseña o usuario incorrectos', '2021-02-24 02:57:23', 'failure', 'test'),
(380, 'Usuario ingreso al sistema sin problemas', '2021-02-24 02:57:23', 'success', 'owner@owner.com'),
(381, 'Usuario ingreso al sistema sin problemas', '2021-02-24 02:58:10', 'success', '12@12'),
(382, 'El usuario esta deshabilitado', '2021-02-24 03:00:22', 'failure', 'prueba@prueba2.com'),
(383, 'Usuario ingreso al sistema sin problemas', '2021-02-24 03:00:22', 'success', 'admin@admin.com'),
(384, 'Contraseña o usuario incorrectos', '2021-02-24 03:00:23', 'failure', 'test'),
(385, 'Usuario ingreso al sistema sin problemas', '2021-02-24 03:00:23', 'success', 'owner@owner.com'),
(386, 'El usuario esta deshabilitado', '2021-02-24 03:02:01', 'failure', 'prueba@prueba2.com'),
(387, 'Usuario ingreso al sistema sin problemas', '2021-02-24 03:02:01', 'success', 'admin@admin.com'),
(388, 'Contraseña o usuario incorrectos', '2021-02-24 03:02:01', 'failure', 'test'),
(389, 'Usuario ingreso al sistema sin problemas', '2021-02-24 03:02:02', 'success', 'owner@owner.com'),
(390, 'Usuario ingreso al sistema sin problemas', '2021-02-24 03:02:35', 'success', '12@12'),
(391, 'El usuario esta deshabilitado', '2021-02-24 03:33:07', 'failure', 'prueba@prueba2.com'),
(392, 'Usuario ingreso al sistema sin problemas', '2021-02-24 03:33:07', 'success', 'admin@admin.com'),
(393, 'Contraseña o usuario incorrectos', '2021-02-24 03:33:07', 'failure', 'test'),
(394, 'Usuario ingreso al sistema sin problemas', '2021-02-24 03:33:07', 'success', 'owner@owner.com'),
(395, 'El usuario esta deshabilitado', '2021-02-24 03:35:00', 'failure', 'prueba@prueba2.com'),
(396, 'Usuario ingreso al sistema sin problemas', '2021-02-24 03:35:00', 'success', 'admin@admin.com'),
(397, 'Contraseña o usuario incorrectos', '2021-02-24 03:35:00', 'failure', 'test'),
(398, 'Usuario ingreso al sistema sin problemas', '2021-02-24 03:35:01', 'success', 'owner@owner.com'),
(399, 'Usuario ingreso al sistema sin problemas', '2021-02-24 03:36:28', 'success', '12@12'),
(400, 'El usuario esta deshabilitado', '2021-02-24 03:43:48', 'failure', 'prueba@prueba2.com'),
(401, 'Usuario ingreso al sistema sin problemas', '2021-02-24 03:43:48', 'success', 'admin@admin.com'),
(402, 'Contraseña o usuario incorrectos', '2021-02-24 03:43:48', 'failure', 'test'),
(403, 'Usuario ingreso al sistema sin problemas', '2021-02-24 03:43:48', 'success', 'owner@owner.com'),
(404, 'El usuario esta deshabilitado', '2021-02-24 03:44:49', 'failure', 'prueba@prueba2.com'),
(405, 'Usuario ingreso al sistema sin problemas', '2021-02-24 03:44:49', 'success', 'admin@admin.com'),
(406, 'Contraseña o usuario incorrectos', '2021-02-24 03:44:49', 'failure', 'test'),
(407, 'Usuario ingreso al sistema sin problemas', '2021-02-24 03:44:49', 'success', 'owner@owner.com'),
(408, 'El usuario esta deshabilitado', '2021-02-24 03:46:13', 'failure', 'prueba@prueba2.com'),
(409, 'Usuario ingreso al sistema sin problemas', '2021-02-24 03:46:13', 'success', 'admin@admin.com'),
(410, 'Contraseña o usuario incorrectos', '2021-02-24 03:46:13', 'failure', 'test'),
(411, 'Usuario ingreso al sistema sin problemas', '2021-02-24 03:46:13', 'success', 'owner@owner.com'),
(412, 'El usuario esta deshabilitado', '2021-02-24 03:48:08', 'failure', 'prueba@prueba2.com'),
(413, 'Usuario ingreso al sistema sin problemas', '2021-02-24 03:48:10', 'success', 'admin@admin.com'),
(414, 'Contraseña o usuario incorrectos', '2021-02-24 03:48:10', 'failure', 'test'),
(415, 'Usuario ingreso al sistema sin problemas', '2021-02-24 03:48:10', 'success', 'owner@owner.com'),
(416, 'El usuario esta deshabilitado', '2021-02-24 03:49:31', 'failure', 'prueba@prueba2.com'),
(417, 'Usuario ingreso al sistema sin problemas', '2021-02-24 03:49:31', 'success', 'admin@admin.com'),
(418, 'Contraseña o usuario incorrectos', '2021-02-24 03:49:31', 'failure', 'test'),
(419, 'Usuario ingreso al sistema sin problemas', '2021-02-24 03:49:31', 'success', 'owner@owner.com'),
(420, 'El usuario esta deshabilitado', '2021-02-24 09:48:46', 'failure', 'prueba@prueba2.com'),
(421, 'Usuario ingreso al sistema sin problemas', '2021-02-24 09:48:46', 'success', 'admin@admin.com'),
(422, 'Contraseña o usuario incorrectos', '2021-02-24 09:48:46', 'failure', 'test'),
(423, 'Usuario ingreso al sistema sin problemas', '2021-02-24 09:48:46', 'success', 'owner@owner.com'),
(424, 'Usuario ingreso al sistema sin problemas', '2021-02-24 09:49:44', 'success', '12@12'),
(425, 'Usuario ingreso al sistema sin problemas', '2021-02-24 10:14:45', 'success', '12@12'),
(426, 'Usuario ingreso al sistema sin problemas', '2021-02-24 12:17:07', 'success', '12@12'),
(427, 'El usuario esta deshabilitado', '2021-02-24 12:42:12', 'failure', 'prueba@prueba2.com'),
(428, 'Usuario ingreso al sistema sin problemas', '2021-02-24 12:42:12', 'success', 'admin@admin.com'),
(429, 'Contraseña o usuario incorrectos', '2021-02-24 12:42:12', 'failure', 'test'),
(430, 'Usuario ingreso al sistema sin problemas', '2021-02-24 12:42:12', 'success', 'owner@owner.com'),
(431, 'El usuario esta deshabilitado', '2021-02-24 12:44:44', 'failure', 'prueba@prueba2.com'),
(432, 'Usuario ingreso al sistema sin problemas', '2021-02-24 12:44:44', 'success', 'admin@admin.com'),
(433, 'Contraseña o usuario incorrectos', '2021-02-24 12:44:44', 'failure', 'test'),
(434, 'Usuario ingreso al sistema sin problemas', '2021-02-24 12:44:44', 'success', 'owner@owner.com'),
(435, 'El usuario esta deshabilitado', '2021-02-24 12:50:06', 'failure', 'prueba@prueba2.com'),
(436, 'Usuario ingreso al sistema sin problemas', '2021-02-24 12:50:06', 'success', 'admin@admin.com'),
(437, 'Contraseña o usuario incorrectos', '2021-02-24 12:50:06', 'failure', 'test'),
(438, 'Usuario ingreso al sistema sin problemas', '2021-02-24 12:50:06', 'success', 'owner@owner.com'),
(439, 'El usuario esta deshabilitado', '2021-02-24 12:54:04', 'failure', 'prueba@prueba2.com'),
(440, 'Usuario ingreso al sistema sin problemas', '2021-02-24 12:54:05', 'success', 'admin@admin.com'),
(441, 'Contraseña o usuario incorrectos', '2021-02-24 12:54:05', 'failure', 'test'),
(442, 'Usuario ingreso al sistema sin problemas', '2021-02-24 12:54:05', 'success', 'owner@owner.com'),
(443, 'El usuario esta deshabilitado', '2021-02-24 12:55:44', 'failure', 'prueba@prueba2.com'),
(444, 'Usuario ingreso al sistema sin problemas', '2021-02-24 12:55:44', 'success', 'admin@admin.com'),
(445, 'Contraseña o usuario incorrectos', '2021-02-24 12:55:44', 'failure', 'test'),
(446, 'Usuario ingreso al sistema sin problemas', '2021-02-24 12:55:44', 'success', 'owner@owner.com'),
(447, 'El usuario esta deshabilitado', '2021-02-25 07:55:26', 'failure', 'prueba@prueba2.com'),
(448, 'Usuario ingreso al sistema sin problemas', '2021-02-25 07:55:26', 'success', 'admin@admin.com'),
(449, 'Contraseña o usuario incorrectos', '2021-02-25 07:55:26', 'failure', 'test'),
(450, 'Usuario ingreso al sistema sin problemas', '2021-02-25 07:55:26', 'success', 'owner@owner.com'),
(451, 'El usuario esta deshabilitado', '2021-02-25 07:56:53', 'failure', 'prueba@prueba2.com'),
(452, 'Usuario ingreso al sistema sin problemas', '2021-02-25 07:56:53', 'success', 'admin@admin.com'),
(453, 'Contraseña o usuario incorrectos', '2021-02-25 07:56:53', 'failure', 'test'),
(454, 'Usuario ingreso al sistema sin problemas', '2021-02-25 07:56:54', 'success', 'owner@owner.com'),
(455, 'Usuario ingreso al sistema sin problemas', '2021-02-25 07:58:44', 'success', '12@12'),
(456, 'El usuario esta deshabilitado', '2021-02-25 08:26:40', 'failure', 'prueba@prueba2.com'),
(457, 'Usuario ingreso al sistema sin problemas', '2021-02-25 08:26:40', 'success', 'admin@admin.com'),
(458, 'Contraseña o usuario incorrectos', '2021-02-25 08:26:40', 'failure', 'test'),
(459, 'Usuario ingreso al sistema sin problemas', '2021-02-25 08:26:40', 'success', 'owner@owner.com'),
(460, 'Usuario ingreso al sistema sin problemas', '2021-02-25 08:32:19', 'success', '12@12'),
(461, 'Usuario ingreso al sistema sin problemas', '2021-02-25 10:53:30', 'success', '12@12'),
(462, 'El usuario esta deshabilitado', '2021-02-25 10:58:22', 'failure', 'prueba@prueba2.com'),
(463, 'Usuario ingreso al sistema sin problemas', '2021-02-25 10:58:23', 'success', 'admin@admin.com'),
(464, 'Contraseña o usuario incorrectos', '2021-02-25 10:58:23', 'failure', 'test'),
(465, 'Usuario ingreso al sistema sin problemas', '2021-02-25 10:58:23', 'success', 'owner@owner.com'),
(466, 'El usuario esta deshabilitado', '2021-02-25 11:00:33', 'failure', 'prueba@prueba2.com'),
(467, 'Usuario ingreso al sistema sin problemas', '2021-02-25 11:00:33', 'success', 'admin@admin.com'),
(468, 'Contraseña o usuario incorrectos', '2021-02-25 11:00:33', 'failure', 'test'),
(469, 'Usuario ingreso al sistema sin problemas', '2021-02-25 11:00:33', 'success', 'owner@owner.com'),
(470, 'El usuario esta deshabilitado', '2021-02-25 11:02:14', 'failure', 'prueba@prueba2.com'),
(471, 'Usuario ingreso al sistema sin problemas', '2021-02-25 11:02:14', 'success', 'admin@admin.com'),
(472, 'Contraseña o usuario incorrectos', '2021-02-25 11:02:14', 'failure', 'test'),
(473, 'Usuario ingreso al sistema sin problemas', '2021-02-25 11:02:15', 'success', 'owner@owner.com'),
(474, 'El usuario esta deshabilitado', '2021-02-25 11:04:00', 'failure', 'prueba@prueba2.com'),
(475, 'Usuario ingreso al sistema sin problemas', '2021-02-25 11:04:01', 'success', 'admin@admin.com'),
(476, 'Contraseña o usuario incorrectos', '2021-02-25 11:04:01', 'failure', 'test'),
(477, 'Usuario ingreso al sistema sin problemas', '2021-02-25 11:04:01', 'success', 'owner@owner.com'),
(478, 'El usuario esta deshabilitado', '2021-02-25 11:06:43', 'failure', 'prueba@prueba2.com'),
(479, 'Usuario ingreso al sistema sin problemas', '2021-02-25 11:06:43', 'success', 'admin@admin.com'),
(480, 'Contraseña o usuario incorrectos', '2021-02-25 11:06:43', 'failure', 'test'),
(481, 'Usuario ingreso al sistema sin problemas', '2021-02-25 11:06:43', 'success', 'owner@owner.com'),
(482, 'El usuario esta deshabilitado', '2021-02-25 11:09:37', 'failure', 'prueba@prueba2.com'),
(483, 'Usuario ingreso al sistema sin problemas', '2021-02-25 11:09:37', 'success', 'admin@admin.com'),
(484, 'Contraseña o usuario incorrectos', '2021-02-25 11:09:37', 'failure', 'test'),
(485, 'Usuario ingreso al sistema sin problemas', '2021-02-25 11:09:37', 'success', 'owner@owner.com'),
(486, 'Usuario ingreso al sistema sin problemas', '2021-02-25 11:10:59', 'success', '12@12'),
(487, 'El usuario esta deshabilitado', '2021-02-25 11:30:22', 'failure', 'prueba@prueba2.com'),
(488, 'Usuario ingreso al sistema sin problemas', '2021-02-25 11:30:22', 'success', 'admin@admin.com'),
(489, 'Contraseña o usuario incorrectos', '2021-02-25 11:30:22', 'failure', 'test'),
(490, 'Usuario ingreso al sistema sin problemas', '2021-02-25 11:30:22', 'success', 'owner@owner.com'),
(491, 'El usuario esta deshabilitado', '2021-02-25 11:32:16', 'failure', 'prueba@prueba2.com'),
(492, 'Usuario ingreso al sistema sin problemas', '2021-02-25 11:32:17', 'success', 'admin@admin.com'),
(493, 'Contraseña o usuario incorrectos', '2021-02-25 11:32:17', 'failure', 'test'),
(494, 'Usuario ingreso al sistema sin problemas', '2021-02-25 11:32:17', 'success', 'owner@owner.com'),
(495, 'El usuario esta deshabilitado', '2021-02-25 11:34:15', 'failure', 'prueba@prueba2.com'),
(496, 'Usuario ingreso al sistema sin problemas', '2021-02-25 11:34:15', 'success', 'admin@admin.com'),
(497, 'Contraseña o usuario incorrectos', '2021-02-25 11:34:15', 'failure', 'test'),
(498, 'Usuario ingreso al sistema sin problemas', '2021-02-25 11:34:15', 'success', 'owner@owner.com'),
(499, 'El usuario esta deshabilitado', '2021-02-25 11:36:18', 'failure', 'prueba@prueba2.com'),
(500, 'Usuario ingreso al sistema sin problemas', '2021-02-25 11:36:18', 'success', 'admin@admin.com'),
(501, 'Contraseña o usuario incorrectos', '2021-02-25 11:36:18', 'failure', 'test'),
(502, 'Usuario ingreso al sistema sin problemas', '2021-02-25 11:36:18', 'success', 'owner@owner.com'),
(503, 'Usuario ingreso al sistema sin problemas', '2021-02-25 11:41:42', 'success', 'admin@admin.com'),
(504, 'Usuario ingreso al sistema sin problemas', '2021-02-25 11:43:58', 'success', '12@12'),
(505, 'El usuario esta deshabilitado', '2021-02-25 11:50:59', 'failure', 'prueba@prueba2.com'),
(506, 'Usuario ingreso al sistema sin problemas', '2021-02-25 11:50:59', 'success', 'admin@admin.com'),
(507, 'Contraseña o usuario incorrectos', '2021-02-25 11:50:59', 'failure', 'test'),
(508, 'Usuario ingreso al sistema sin problemas', '2021-02-25 11:50:59', 'success', 'owner@owner.com'),
(509, 'El usuario esta deshabilitado', '2021-02-25 11:52:34', 'failure', 'prueba@prueba2.com'),
(510, 'Usuario ingreso al sistema sin problemas', '2021-02-25 11:52:35', 'success', 'admin@admin.com'),
(511, 'Contraseña o usuario incorrectos', '2021-02-25 11:52:35', 'failure', 'test'),
(512, 'Usuario ingreso al sistema sin problemas', '2021-02-25 11:52:35', 'success', 'owner@owner.com'),
(513, 'El usuario esta deshabilitado', '2021-02-25 11:54:00', 'failure', 'prueba@prueba2.com'),
(514, 'Usuario ingreso al sistema sin problemas', '2021-02-25 11:54:00', 'success', 'admin@admin.com'),
(515, 'Contraseña o usuario incorrectos', '2021-02-25 11:54:00', 'failure', 'test'),
(516, 'Usuario ingreso al sistema sin problemas', '2021-02-25 11:54:01', 'success', 'owner@owner.com'),
(517, 'El usuario esta deshabilitado', '2021-02-25 11:56:00', 'failure', 'prueba@prueba2.com'),
(518, 'Usuario ingreso al sistema sin problemas', '2021-02-25 11:56:00', 'success', 'admin@admin.com'),
(519, 'Contraseña o usuario incorrectos', '2021-02-25 11:56:00', 'failure', 'test'),
(520, 'Usuario ingreso al sistema sin problemas', '2021-02-25 11:56:00', 'success', 'owner@owner.com'),
(521, 'El usuario esta deshabilitado', '2021-02-25 12:13:14', 'failure', 'prueba@prueba2.com'),
(522, 'Usuario ingreso al sistema sin problemas', '2021-02-25 12:13:14', 'success', 'admin@admin.com'),
(523, 'Contraseña o usuario incorrectos', '2021-02-25 12:13:14', 'failure', 'test'),
(524, 'Usuario ingreso al sistema sin problemas', '2021-02-25 12:13:15', 'success', 'owner@owner.com'),
(525, 'El usuario esta deshabilitado', '2021-02-25 12:15:12', 'failure', 'prueba@prueba2.com'),
(526, 'Usuario ingreso al sistema sin problemas', '2021-02-25 12:15:13', 'success', 'admin@admin.com');
INSERT INTO `records` (`id`, `description`, `record_date`, `type`, `user_email`) VALUES
(527, 'Contraseña o usuario incorrectos', '2021-02-25 12:15:13', 'failure', 'test'),
(528, 'Usuario ingreso al sistema sin problemas', '2021-02-25 12:15:13', 'success', 'owner@owner.com'),
(529, 'El usuario esta deshabilitado', '2021-02-25 12:17:32', 'failure', 'prueba@prueba2.com'),
(530, 'Usuario ingreso al sistema sin problemas', '2021-02-25 12:17:32', 'success', 'admin@admin.com'),
(531, 'Contraseña o usuario incorrectos', '2021-02-25 12:17:32', 'failure', 'test'),
(532, 'Usuario ingreso al sistema sin problemas', '2021-02-25 12:17:32', 'success', 'owner@owner.com'),
(533, 'El usuario esta deshabilitado', '2021-02-25 12:20:11', 'failure', 'prueba@prueba2.com'),
(534, 'Usuario ingreso al sistema sin problemas', '2021-02-25 12:20:11', 'success', 'admin@admin.com'),
(535, 'Contraseña o usuario incorrectos', '2021-02-25 12:20:11', 'failure', 'test'),
(536, 'Usuario ingreso al sistema sin problemas', '2021-02-25 12:20:11', 'success', 'owner@owner.com'),
(537, 'El usuario esta deshabilitado', '2021-02-25 12:21:59', 'failure', 'prueba@prueba2.com'),
(538, 'Usuario ingreso al sistema sin problemas', '2021-02-25 12:22:00', 'success', 'admin@admin.com'),
(539, 'Contraseña o usuario incorrectos', '2021-02-25 12:22:00', 'failure', 'test'),
(540, 'Usuario ingreso al sistema sin problemas', '2021-02-25 12:22:00', 'success', 'owner@owner.com'),
(541, 'El usuario esta deshabilitado', '2021-02-25 12:25:41', 'failure', 'prueba@prueba2.com'),
(542, 'Usuario ingreso al sistema sin problemas', '2021-02-25 12:25:41', 'success', 'admin@admin.com'),
(543, 'Contraseña o usuario incorrectos', '2021-02-25 12:25:41', 'failure', 'test'),
(544, 'Usuario ingreso al sistema sin problemas', '2021-02-25 12:25:41', 'success', 'owner@owner.com'),
(545, 'El usuario esta deshabilitado', '2021-02-26 09:10:47', 'failure', 'prueba@prueba2.com'),
(546, 'Usuario ingreso al sistema sin problemas', '2021-02-26 09:10:47', 'success', 'admin@admin.com'),
(547, 'Contraseña o usuario incorrectos', '2021-02-26 09:10:47', 'failure', 'test'),
(548, 'Usuario ingreso al sistema sin problemas', '2021-02-26 09:10:47', 'success', 'owner@owner.com'),
(549, 'El usuario esta deshabilitado', '2021-02-26 09:14:28', 'failure', 'prueba@prueba2.com'),
(550, 'Usuario ingreso al sistema sin problemas', '2021-02-26 09:14:28', 'success', 'admin@admin.com'),
(551, 'Contraseña o usuario incorrectos', '2021-02-26 09:14:28', 'failure', 'test'),
(552, 'Usuario ingreso al sistema sin problemas', '2021-02-26 09:14:29', 'success', 'owner@owner.com'),
(553, 'El usuario esta deshabilitado', '2021-02-26 09:15:49', 'failure', 'prueba@prueba2.com'),
(554, 'Usuario ingreso al sistema sin problemas', '2021-02-26 09:15:49', 'success', 'admin@admin.com'),
(555, 'Contraseña o usuario incorrectos', '2021-02-26 09:15:50', 'failure', 'test'),
(556, 'Usuario ingreso al sistema sin problemas', '2021-02-26 09:15:50', 'success', 'owner@owner.com'),
(557, 'El usuario esta deshabilitado', '2021-02-26 09:18:50', 'failure', 'prueba@prueba2.com'),
(558, 'Usuario ingreso al sistema sin problemas', '2021-02-26 09:18:50', 'success', 'admin@admin.com'),
(559, 'Contraseña o usuario incorrectos', '2021-02-26 09:18:50', 'failure', 'test'),
(560, 'Usuario ingreso al sistema sin problemas', '2021-02-26 09:18:50', 'success', 'owner@owner.com'),
(561, 'El usuario esta deshabilitado', '2021-02-26 09:21:11', 'failure', 'prueba@prueba2.com'),
(562, 'Usuario ingreso al sistema sin problemas', '2021-02-26 09:21:11', 'success', 'admin@admin.com'),
(563, 'Contraseña o usuario incorrectos', '2021-02-26 09:21:11', 'failure', 'test'),
(564, 'Usuario ingreso al sistema sin problemas', '2021-02-26 09:21:11', 'success', 'owner@owner.com'),
(565, 'El usuario esta deshabilitado', '2021-02-26 09:22:45', 'failure', 'prueba@prueba2.com'),
(566, 'Usuario ingreso al sistema sin problemas', '2021-02-26 09:22:45', 'success', 'admin@admin.com'),
(567, 'Contraseña o usuario incorrectos', '2021-02-26 09:22:45', 'failure', 'test'),
(568, 'Usuario ingreso al sistema sin problemas', '2021-02-26 09:22:46', 'success', 'owner@owner.com'),
(569, 'El usuario esta deshabilitado', '2021-02-26 09:25:39', 'failure', 'prueba@prueba2.com'),
(570, 'Usuario ingreso al sistema sin problemas', '2021-02-26 09:25:40', 'success', 'admin@admin.com'),
(571, 'Contraseña o usuario incorrectos', '2021-02-26 09:25:40', 'failure', 'test'),
(572, 'Usuario ingreso al sistema sin problemas', '2021-02-26 09:25:40', 'success', 'owner@owner.com'),
(573, 'Usuario ingreso al sistema sin problemas', '2021-02-26 09:26:17', 'success', '12@12'),
(574, 'El usuario esta deshabilitado', '2021-02-26 09:41:39', 'failure', 'prueba@prueba2.com'),
(575, 'Usuario ingreso al sistema sin problemas', '2021-02-26 09:41:39', 'success', 'admin@admin.com'),
(576, 'Contraseña o usuario incorrectos', '2021-02-26 09:41:39', 'failure', 'test'),
(577, 'Usuario ingreso al sistema sin problemas', '2021-02-26 09:41:39', 'success', 'owner@owner.com'),
(578, 'El usuario esta deshabilitado', '2021-02-26 09:43:18', 'failure', 'prueba@prueba2.com'),
(579, 'Usuario ingreso al sistema sin problemas', '2021-02-26 09:43:18', 'success', 'admin@admin.com'),
(580, 'Contraseña o usuario incorrectos', '2021-02-26 09:43:18', 'failure', 'test'),
(581, 'Usuario ingreso al sistema sin problemas', '2021-02-26 09:43:19', 'success', 'owner@owner.com'),
(582, 'Usuario ingreso al sistema sin problemas', '2021-02-26 09:44:57', 'success', '12@12'),
(583, 'El usuario esta deshabilitado', '2021-02-26 10:08:18', 'failure', 'prueba@prueba2.com'),
(584, 'Usuario ingreso al sistema sin problemas', '2021-02-26 10:08:18', 'success', 'admin@admin.com'),
(585, 'Contraseña o usuario incorrectos', '2021-02-26 10:08:18', 'failure', 'test'),
(586, 'Usuario ingreso al sistema sin problemas', '2021-02-26 10:08:18', 'success', 'owner@owner.com'),
(587, 'Usuario ingreso al sistema sin problemas', '2021-02-26 10:10:01', 'success', '12@12'),
(588, 'El usuario esta deshabilitado', '2021-02-26 10:11:22', 'failure', 'prueba@prueba2.com'),
(589, 'Usuario ingreso al sistema sin problemas', '2021-02-26 10:11:22', 'success', 'admin@admin.com'),
(590, 'Contraseña o usuario incorrectos', '2021-02-26 10:11:22', 'failure', 'test'),
(591, 'Usuario ingreso al sistema sin problemas', '2021-02-26 10:11:22', 'success', 'owner@owner.com'),
(592, 'El usuario esta deshabilitado', '2021-02-26 10:18:10', 'failure', 'prueba@prueba2.com'),
(593, 'Usuario ingreso al sistema sin problemas', '2021-02-26 10:18:10', 'success', 'admin@admin.com'),
(594, 'Contraseña o usuario incorrectos', '2021-02-26 10:18:10', 'failure', 'test'),
(595, 'Usuario ingreso al sistema sin problemas', '2021-02-26 10:18:10', 'success', 'owner@owner.com'),
(596, 'El usuario esta deshabilitado', '2021-02-26 10:20:36', 'failure', 'prueba@prueba2.com'),
(597, 'Usuario ingreso al sistema sin problemas', '2021-02-26 10:20:37', 'success', 'admin@admin.com'),
(598, 'Contraseña o usuario incorrectos', '2021-02-26 10:20:37', 'failure', 'test'),
(599, 'Usuario ingreso al sistema sin problemas', '2021-02-26 10:20:37', 'success', 'owner@owner.com'),
(600, 'El usuario esta deshabilitado', '2021-02-26 10:29:29', 'failure', 'prueba@prueba2.com'),
(601, 'Usuario ingreso al sistema sin problemas', '2021-02-26 10:29:29', 'success', 'admin@admin.com'),
(602, 'Contraseña o usuario incorrectos', '2021-02-26 10:29:29', 'failure', 'test'),
(603, 'Usuario ingreso al sistema sin problemas', '2021-02-26 10:29:29', 'success', 'owner@owner.com'),
(604, 'El usuario esta deshabilitado', '2021-02-26 10:32:22', 'failure', 'prueba@prueba2.com'),
(605, 'Usuario ingreso al sistema sin problemas', '2021-02-26 10:32:22', 'success', 'admin@admin.com'),
(606, 'Contraseña o usuario incorrectos', '2021-02-26 10:32:22', 'failure', 'test'),
(607, 'Usuario ingreso al sistema sin problemas', '2021-02-26 10:32:22', 'success', 'owner@owner.com'),
(608, 'El usuario esta deshabilitado', '2021-02-26 10:35:25', 'failure', 'prueba@prueba2.com'),
(609, 'Usuario ingreso al sistema sin problemas', '2021-02-26 10:35:25', 'success', 'admin@admin.com'),
(610, 'Contraseña o usuario incorrectos', '2021-02-26 10:35:27', 'failure', 'test'),
(611, 'Usuario ingreso al sistema sin problemas', '2021-02-26 10:35:27', 'success', 'owner@owner.com'),
(612, 'El usuario esta deshabilitado', '2021-02-26 10:38:27', 'failure', 'prueba@prueba2.com'),
(613, 'Usuario ingreso al sistema sin problemas', '2021-02-26 10:38:27', 'success', 'admin@admin.com'),
(614, 'Contraseña o usuario incorrectos', '2021-02-26 10:38:27', 'failure', 'test'),
(615, 'Usuario ingreso al sistema sin problemas', '2021-02-26 10:38:28', 'success', 'owner@owner.com'),
(616, 'El usuario esta deshabilitado', '2021-02-26 10:41:01', 'failure', 'prueba@prueba2.com'),
(617, 'Usuario ingreso al sistema sin problemas', '2021-02-26 10:41:02', 'success', 'admin@admin.com'),
(618, 'Contraseña o usuario incorrectos', '2021-02-26 10:41:02', 'failure', 'test'),
(619, 'Usuario ingreso al sistema sin problemas', '2021-02-26 10:41:02', 'success', 'owner@owner.com'),
(620, 'El usuario esta deshabilitado', '2021-02-26 10:42:20', 'failure', 'prueba@prueba2.com'),
(621, 'Usuario ingreso al sistema sin problemas', '2021-02-26 10:42:20', 'success', 'admin@admin.com'),
(622, 'Contraseña o usuario incorrectos', '2021-02-26 10:42:20', 'failure', 'test'),
(623, 'Usuario ingreso al sistema sin problemas', '2021-02-26 10:42:20', 'success', 'owner@owner.com'),
(624, 'El usuario esta deshabilitado', '2021-02-26 10:44:17', 'failure', 'prueba@prueba2.com'),
(625, 'Usuario ingreso al sistema sin problemas', '2021-02-26 10:44:18', 'success', 'admin@admin.com'),
(626, 'Contraseña o usuario incorrectos', '2021-02-26 10:44:18', 'failure', 'test'),
(627, 'Usuario ingreso al sistema sin problemas', '2021-02-26 10:44:18', 'success', 'owner@owner.com'),
(628, 'Contraseña o usuario incorrectos', '2021-02-26 10:45:10', 'failure', '12@12'),
(629, 'Usuario ingreso al sistema sin problemas', '2021-02-26 10:45:17', 'success', '12@12'),
(630, 'El usuario esta deshabilitado', '2021-02-26 10:49:25', 'failure', 'prueba@prueba2.com'),
(631, 'Usuario ingreso al sistema sin problemas', '2021-02-26 10:49:25', 'success', 'admin@admin.com'),
(632, 'Contraseña o usuario incorrectos', '2021-02-26 10:49:25', 'failure', 'test'),
(633, 'Usuario ingreso al sistema sin problemas', '2021-02-26 10:49:26', 'success', 'owner@owner.com'),
(634, 'El usuario esta deshabilitado', '2021-02-26 10:53:07', 'failure', 'prueba@prueba2.com'),
(635, 'Usuario ingreso al sistema sin problemas', '2021-02-26 10:53:07', 'success', 'admin@admin.com'),
(636, 'Contraseña o usuario incorrectos', '2021-02-26 10:53:07', 'failure', 'test'),
(637, 'Usuario ingreso al sistema sin problemas', '2021-02-26 10:53:07', 'success', 'owner@owner.com'),
(638, 'El usuario esta deshabilitado', '2021-02-26 10:55:23', 'failure', 'prueba@prueba2.com'),
(639, 'Usuario ingreso al sistema sin problemas', '2021-02-26 10:55:23', 'success', 'admin@admin.com'),
(640, 'Contraseña o usuario incorrectos', '2021-02-26 10:55:23', 'failure', 'test'),
(641, 'Usuario ingreso al sistema sin problemas', '2021-02-26 10:55:23', 'success', 'owner@owner.com'),
(642, 'El usuario esta deshabilitado', '2021-02-26 10:57:20', 'failure', 'prueba@prueba2.com'),
(643, 'Usuario ingreso al sistema sin problemas', '2021-02-26 10:57:21', 'success', 'admin@admin.com'),
(644, 'Contraseña o usuario incorrectos', '2021-02-26 10:57:21', 'failure', 'test'),
(645, 'Usuario ingreso al sistema sin problemas', '2021-02-26 10:57:21', 'success', 'owner@owner.com'),
(646, 'El usuario esta deshabilitado', '2021-02-26 11:01:09', 'failure', 'prueba@prueba2.com'),
(647, 'Usuario ingreso al sistema sin problemas', '2021-02-26 11:01:09', 'success', 'admin@admin.com'),
(648, 'Contraseña o usuario incorrectos', '2021-02-26 11:01:09', 'failure', 'test'),
(649, 'Usuario ingreso al sistema sin problemas', '2021-02-26 11:01:09', 'success', 'owner@owner.com'),
(650, 'El usuario esta deshabilitado', '2021-02-26 11:02:41', 'failure', 'prueba@prueba2.com'),
(651, 'Usuario ingreso al sistema sin problemas', '2021-02-26 11:02:41', 'success', 'admin@admin.com'),
(652, 'Contraseña o usuario incorrectos', '2021-02-26 11:02:41', 'failure', 'test'),
(653, 'Usuario ingreso al sistema sin problemas', '2021-02-26 11:02:42', 'success', 'owner@owner.com'),
(654, 'El usuario esta deshabilitado', '2021-02-26 11:04:40', 'failure', 'prueba@prueba2.com'),
(655, 'Usuario ingreso al sistema sin problemas', '2021-02-26 11:04:40', 'success', 'admin@admin.com'),
(656, 'Contraseña o usuario incorrectos', '2021-02-26 11:04:40', 'failure', 'test'),
(657, 'Usuario ingreso al sistema sin problemas', '2021-02-26 11:04:40', 'success', 'owner@owner.com'),
(658, 'El usuario esta deshabilitado', '2021-02-26 11:05:44', 'failure', 'prueba@prueba2.com'),
(659, 'Usuario ingreso al sistema sin problemas', '2021-02-26 11:05:44', 'success', 'admin@admin.com'),
(660, 'Contraseña o usuario incorrectos', '2021-02-26 11:05:44', 'failure', 'test'),
(661, 'Usuario ingreso al sistema sin problemas', '2021-02-26 11:05:44', 'success', 'owner@owner.com'),
(662, 'Usuario ingreso al sistema sin problemas', '2021-02-26 11:06:19', 'success', '12@12'),
(663, 'El usuario esta deshabilitado', '2021-02-26 11:08:55', 'failure', 'prueba@prueba2.com'),
(664, 'Usuario ingreso al sistema sin problemas', '2021-02-26 11:08:55', 'success', 'admin@admin.com'),
(665, 'Contraseña o usuario incorrectos', '2021-02-26 11:08:55', 'failure', 'test'),
(666, 'Usuario ingreso al sistema sin problemas', '2021-02-26 11:08:56', 'success', 'owner@owner.com'),
(667, 'El usuario esta deshabilitado', '2021-02-26 11:11:27', 'failure', 'prueba@prueba2.com'),
(668, 'Usuario ingreso al sistema sin problemas', '2021-02-26 11:11:28', 'success', 'admin@admin.com'),
(669, 'Contraseña o usuario incorrectos', '2021-02-26 11:11:28', 'failure', 'test'),
(670, 'Usuario ingreso al sistema sin problemas', '2021-02-26 11:11:28', 'success', 'owner@owner.com'),
(671, 'El usuario esta deshabilitado', '2021-02-26 11:13:00', 'failure', 'prueba@prueba2.com'),
(672, 'Usuario ingreso al sistema sin problemas', '2021-02-26 11:13:01', 'success', 'admin@admin.com'),
(673, 'Contraseña o usuario incorrectos', '2021-02-26 11:13:01', 'failure', 'test'),
(674, 'Usuario ingreso al sistema sin problemas', '2021-02-26 11:13:01', 'success', 'owner@owner.com'),
(675, 'El usuario esta deshabilitado', '2021-02-26 11:22:43', 'failure', 'prueba@prueba2.com'),
(676, 'Usuario ingreso al sistema sin problemas', '2021-02-26 11:22:44', 'success', 'admin@admin.com'),
(677, 'Contraseña o usuario incorrectos', '2021-02-26 11:22:44', 'failure', 'test'),
(678, 'Usuario ingreso al sistema sin problemas', '2021-02-26 11:22:44', 'success', 'owner@owner.com'),
(679, 'El usuario esta deshabilitado', '2021-02-26 11:30:33', 'failure', 'prueba@prueba2.com'),
(680, 'Usuario ingreso al sistema sin problemas', '2021-02-26 11:30:33', 'success', 'admin@admin.com'),
(681, 'Contraseña o usuario incorrectos', '2021-02-26 11:30:33', 'failure', 'test'),
(682, 'Usuario ingreso al sistema sin problemas', '2021-02-26 11:30:33', 'success', 'owner@owner.com'),
(683, 'Usuario ingreso al sistema sin problemas', '2021-02-26 11:31:37', 'success', '12@12'),
(684, 'El usuario esta deshabilitado', '2021-02-26 11:37:27', 'failure', 'prueba@prueba2.com'),
(685, 'Usuario ingreso al sistema sin problemas', '2021-02-26 11:37:27', 'success', 'admin@admin.com'),
(686, 'Contraseña o usuario incorrectos', '2021-02-26 11:37:27', 'failure', 'test'),
(687, 'Usuario ingreso al sistema sin problemas', '2021-02-26 11:37:27', 'success', 'owner@owner.com'),
(688, 'Usuario ingreso al sistema sin problemas', '2021-02-26 11:39:39', 'success', '12@12'),
(689, 'El usuario esta deshabilitado', '2021-02-26 11:45:55', 'failure', 'prueba@prueba2.com'),
(690, 'Usuario ingreso al sistema sin problemas', '2021-02-26 11:45:55', 'success', 'admin@admin.com'),
(691, 'Contraseña o usuario incorrectos', '2021-02-26 11:45:55', 'failure', 'test'),
(692, 'Usuario ingreso al sistema sin problemas', '2021-02-26 11:45:55', 'success', 'owner@owner.com'),
(693, 'El usuario esta deshabilitado', '2021-02-26 11:48:24', 'failure', 'prueba@prueba2.com'),
(694, 'Usuario ingreso al sistema sin problemas', '2021-02-26 11:48:25', 'success', 'admin@admin.com'),
(695, 'Contraseña o usuario incorrectos', '2021-02-26 11:48:25', 'failure', 'test'),
(696, 'Usuario ingreso al sistema sin problemas', '2021-02-26 11:48:25', 'success', 'owner@owner.com'),
(697, 'El usuario esta deshabilitado', '2021-02-26 11:50:07', 'failure', 'prueba@prueba2.com'),
(698, 'Usuario ingreso al sistema sin problemas', '2021-02-26 11:50:07', 'success', 'admin@admin.com'),
(699, 'Contraseña o usuario incorrectos', '2021-02-26 11:50:07', 'failure', 'test'),
(700, 'Usuario ingreso al sistema sin problemas', '2021-02-26 11:50:07', 'success', 'owner@owner.com'),
(701, 'El usuario esta deshabilitado', '2021-02-26 11:52:18', 'failure', 'prueba@prueba2.com'),
(702, 'Usuario ingreso al sistema sin problemas', '2021-02-26 11:52:19', 'success', 'admin@admin.com'),
(703, 'Contraseña o usuario incorrectos', '2021-02-26 11:52:19', 'failure', 'test'),
(704, 'Usuario ingreso al sistema sin problemas', '2021-02-26 11:52:20', 'success', 'owner@owner.com'),
(705, 'El usuario esta deshabilitado', '2021-02-26 11:54:27', 'failure', 'prueba@prueba2.com'),
(706, 'Usuario ingreso al sistema sin problemas', '2021-02-26 11:54:27', 'success', 'admin@admin.com'),
(707, 'Contraseña o usuario incorrectos', '2021-02-26 11:54:27', 'failure', 'test'),
(708, 'Usuario ingreso al sistema sin problemas', '2021-02-26 11:54:27', 'success', 'owner@owner.com'),
(709, 'El usuario esta deshabilitado', '2021-02-26 12:34:00', 'failure', 'prueba@prueba2.com'),
(710, 'Usuario ingreso al sistema sin problemas', '2021-02-26 12:34:01', 'success', 'admin@admin.com'),
(711, 'Contraseña o usuario incorrectos', '2021-02-26 12:34:01', 'failure', 'test'),
(712, 'Usuario ingreso al sistema sin problemas', '2021-02-26 12:34:01', 'success', 'owner@owner.com'),
(713, 'Usuario ingreso al sistema sin problemas', '2021-02-26 12:35:08', 'success', '12@12'),
(714, 'El usuario esta deshabilitado', '2021-02-26 12:43:32', 'failure', 'prueba@prueba2.com'),
(715, 'Usuario ingreso al sistema sin problemas', '2021-02-26 12:43:32', 'success', 'admin@admin.com'),
(716, 'Contraseña o usuario incorrectos', '2021-02-26 12:43:32', 'failure', 'test'),
(717, 'Usuario ingreso al sistema sin problemas', '2021-02-26 12:43:32', 'success', 'owner@owner.com'),
(718, 'El usuario esta deshabilitado', '2021-02-26 12:45:44', 'failure', 'prueba@prueba2.com'),
(719, 'Usuario ingreso al sistema sin problemas', '2021-02-26 12:45:44', 'success', 'admin@admin.com'),
(720, 'Contraseña o usuario incorrectos', '2021-02-26 12:45:44', 'failure', 'test'),
(721, 'Usuario ingreso al sistema sin problemas', '2021-02-26 12:45:44', 'success', 'owner@owner.com'),
(722, 'El usuario esta deshabilitado', '2021-02-26 13:02:00', 'failure', 'prueba@prueba2.com'),
(723, 'Usuario ingreso al sistema sin problemas', '2021-02-26 13:02:00', 'success', 'admin@admin.com'),
(724, 'Contraseña o usuario incorrectos', '2021-02-26 13:02:00', 'failure', 'test'),
(725, 'Usuario ingreso al sistema sin problemas', '2021-02-26 13:02:01', 'success', 'owner@owner.com'),
(726, 'El usuario esta deshabilitado', '2021-02-26 13:03:23', 'failure', 'prueba@prueba2.com'),
(727, 'Usuario ingreso al sistema sin problemas', '2021-02-26 13:03:23', 'success', 'admin@admin.com'),
(728, 'Contraseña o usuario incorrectos', '2021-02-26 13:03:23', 'failure', 'test'),
(729, 'Usuario ingreso al sistema sin problemas', '2021-02-26 13:03:23', 'success', 'owner@owner.com'),
(730, 'El usuario esta deshabilitado', '2021-02-26 13:04:57', 'failure', 'prueba@prueba2.com'),
(731, 'Usuario ingreso al sistema sin problemas', '2021-02-26 13:04:57', 'success', 'admin@admin.com'),
(732, 'Contraseña o usuario incorrectos', '2021-02-26 13:04:57', 'failure', 'test'),
(733, 'Usuario ingreso al sistema sin problemas', '2021-02-26 13:04:57', 'success', 'owner@owner.com'),
(734, 'El usuario esta deshabilitado', '2021-02-26 13:06:19', 'failure', 'prueba@prueba2.com'),
(735, 'Usuario ingreso al sistema sin problemas', '2021-02-26 13:06:19', 'success', 'admin@admin.com'),
(736, 'Contraseña o usuario incorrectos', '2021-02-26 13:06:20', 'failure', 'test'),
(737, 'Usuario ingreso al sistema sin problemas', '2021-02-26 13:06:20', 'success', 'owner@owner.com'),
(738, 'El usuario esta deshabilitado', '2021-02-26 13:09:45', 'failure', 'prueba@prueba2.com'),
(739, 'Usuario ingreso al sistema sin problemas', '2021-02-26 13:09:45', 'success', 'admin@admin.com'),
(740, 'Contraseña o usuario incorrectos', '2021-02-26 13:09:45', 'failure', 'test'),
(741, 'Usuario ingreso al sistema sin problemas', '2021-02-26 13:09:45', 'success', 'owner@owner.com'),
(742, 'El usuario esta deshabilitado', '2021-02-26 13:14:47', 'failure', 'prueba@prueba2.com'),
(743, 'Usuario ingreso al sistema sin problemas', '2021-02-26 13:14:47', 'success', 'admin@admin.com'),
(744, 'Contraseña o usuario incorrectos', '2021-02-26 13:14:48', 'failure', 'test'),
(745, 'Usuario ingreso al sistema sin problemas', '2021-02-26 13:14:48', 'success', 'owner@owner.com'),
(746, 'El usuario esta deshabilitado', '2021-02-26 13:16:26', 'failure', 'prueba@prueba2.com'),
(747, 'Usuario ingreso al sistema sin problemas', '2021-02-26 13:16:27', 'success', 'admin@admin.com'),
(748, 'Contraseña o usuario incorrectos', '2021-02-26 13:16:27', 'failure', 'test'),
(749, 'Usuario ingreso al sistema sin problemas', '2021-02-26 13:16:27', 'success', 'owner@owner.com'),
(750, 'El usuario esta deshabilitado', '2021-02-26 13:18:39', 'failure', 'prueba@prueba2.com'),
(751, 'Usuario ingreso al sistema sin problemas', '2021-02-26 13:18:39', 'success', 'admin@admin.com'),
(752, 'Contraseña o usuario incorrectos', '2021-02-26 13:18:39', 'failure', 'test'),
(753, 'Usuario ingreso al sistema sin problemas', '2021-02-26 13:18:39', 'success', 'owner@owner.com'),
(754, 'El usuario esta deshabilitado', '2021-02-26 13:19:58', 'failure', 'prueba@prueba2.com'),
(755, 'Usuario ingreso al sistema sin problemas', '2021-02-26 13:19:58', 'success', 'admin@admin.com'),
(756, 'Contraseña o usuario incorrectos', '2021-02-26 13:19:58', 'failure', 'test'),
(757, 'Usuario ingreso al sistema sin problemas', '2021-02-26 13:19:58', 'success', 'owner@owner.com'),
(758, 'El usuario esta deshabilitado', '2021-02-26 13:21:17', 'failure', 'prueba@prueba2.com'),
(759, 'Usuario ingreso al sistema sin problemas', '2021-02-26 13:21:17', 'success', 'admin@admin.com'),
(760, 'Contraseña o usuario incorrectos', '2021-02-26 13:21:17', 'failure', 'test'),
(761, 'Usuario ingreso al sistema sin problemas', '2021-02-26 13:21:17', 'success', 'owner@owner.com'),
(762, 'Usuario ingreso al sistema sin problemas', '2021-02-26 13:21:54', 'success', '12@12'),
(763, 'El usuario esta deshabilitado', '2021-02-26 13:25:02', 'failure', 'prueba@prueba2.com'),
(764, 'Usuario ingreso al sistema sin problemas', '2021-02-26 13:25:02', 'success', 'admin@admin.com'),
(765, 'Contraseña o usuario incorrectos', '2021-02-26 13:25:02', 'failure', 'test'),
(766, 'Usuario ingreso al sistema sin problemas', '2021-02-26 13:25:03', 'success', 'owner@owner.com'),
(767, 'El usuario esta deshabilitado', '2021-02-26 13:27:12', 'failure', 'prueba@prueba2.com'),
(768, 'Usuario ingreso al sistema sin problemas', '2021-02-26 13:27:12', 'success', 'admin@admin.com'),
(769, 'Contraseña o usuario incorrectos', '2021-02-26 13:27:12', 'failure', 'test'),
(770, 'Usuario ingreso al sistema sin problemas', '2021-02-26 13:27:12', 'success', 'owner@owner.com'),
(771, 'El usuario esta deshabilitado', '2021-02-26 22:02:43', 'failure', 'prueba@prueba2.com'),
(772, 'Usuario ingreso al sistema sin problemas', '2021-02-26 22:02:43', 'success', 'admin@admin.com'),
(773, 'Contraseña o usuario incorrectos', '2021-02-26 22:02:43', 'failure', 'test'),
(774, 'Usuario ingreso al sistema sin problemas', '2021-02-26 22:02:43', 'success', 'owner@owner.com'),
(775, 'El usuario esta deshabilitado', '2021-02-26 22:06:55', 'failure', 'prueba@prueba2.com'),
(776, 'Usuario ingreso al sistema sin problemas', '2021-02-26 22:06:55', 'success', 'admin@admin.com'),
(777, 'Contraseña o usuario incorrectos', '2021-02-26 22:06:55', 'failure', 'test'),
(778, 'Usuario ingreso al sistema sin problemas', '2021-02-26 22:06:56', 'success', 'owner@owner.com'),
(779, 'El usuario esta deshabilitado', '2021-02-26 22:08:43', 'failure', 'prueba@prueba2.com'),
(780, 'Usuario ingreso al sistema sin problemas', '2021-02-26 22:08:43', 'success', 'admin@admin.com'),
(781, 'Contraseña o usuario incorrectos', '2021-02-26 22:08:43', 'failure', 'test'),
(782, 'Usuario ingreso al sistema sin problemas', '2021-02-26 22:08:44', 'success', 'owner@owner.com'),
(783, 'El usuario esta deshabilitado', '2021-02-26 22:20:53', 'failure', 'prueba@prueba2.com'),
(784, 'Usuario ingreso al sistema sin problemas', '2021-02-26 22:20:53', 'success', 'admin@admin.com'),
(785, 'Contraseña o usuario incorrectos', '2021-02-26 22:20:53', 'failure', 'test'),
(786, 'Usuario ingreso al sistema sin problemas', '2021-02-26 22:20:53', 'success', 'owner@owner.com'),
(787, 'El usuario esta deshabilitado', '2021-02-26 23:00:42', 'failure', 'prueba@prueba2.com'),
(788, 'Usuario ingreso al sistema sin problemas', '2021-02-26 23:00:43', 'success', 'admin@admin.com'),
(789, 'Contraseña o usuario incorrectos', '2021-02-26 23:00:43', 'failure', 'test'),
(790, 'Usuario ingreso al sistema sin problemas', '2021-02-26 23:00:44', 'success', 'owner@owner.com'),
(791, 'El usuario esta deshabilitado', '2021-02-26 23:05:48', 'failure', 'prueba@prueba2.com'),
(792, 'Usuario ingreso al sistema sin problemas', '2021-02-26 23:05:48', 'success', 'admin@admin.com'),
(793, 'Contraseña o usuario incorrectos', '2021-02-26 23:05:48', 'failure', 'test'),
(794, 'Usuario ingreso al sistema sin problemas', '2021-02-26 23:05:48', 'success', 'owner@owner.com'),
(795, 'Usuario ingreso al sistema sin problemas', '2021-02-26 23:17:30', 'success', '12@12'),
(796, 'El usuario esta deshabilitado', '2021-02-26 23:19:02', 'failure', 'prueba@prueba2.com'),
(797, 'Usuario ingreso al sistema sin problemas', '2021-02-26 23:19:02', 'success', 'admin@admin.com'),
(798, 'Contraseña o usuario incorrectos', '2021-02-26 23:19:02', 'failure', 'test'),
(799, 'Usuario ingreso al sistema sin problemas', '2021-02-26 23:19:02', 'success', 'owner@owner.com'),
(800, 'El usuario esta deshabilitado', '2021-02-26 23:20:59', 'failure', 'prueba@prueba2.com'),
(801, 'Usuario ingreso al sistema sin problemas', '2021-02-26 23:20:59', 'success', 'admin@admin.com'),
(802, 'Contraseña o usuario incorrectos', '2021-02-26 23:20:59', 'failure', 'test'),
(803, 'Usuario ingreso al sistema sin problemas', '2021-02-26 23:20:59', 'success', 'owner@owner.com'),
(804, 'El usuario esta deshabilitado', '2021-02-26 23:23:04', 'failure', 'prueba@prueba2.com'),
(805, 'Usuario ingreso al sistema sin problemas', '2021-02-26 23:23:05', 'success', 'admin@admin.com'),
(806, 'Contraseña o usuario incorrectos', '2021-02-26 23:23:05', 'failure', 'test'),
(807, 'Usuario ingreso al sistema sin problemas', '2021-02-26 23:23:05', 'success', 'owner@owner.com'),
(808, 'El usuario esta deshabilitado', '2021-02-26 23:25:55', 'failure', 'prueba@prueba2.com'),
(809, 'Usuario ingreso al sistema sin problemas', '2021-02-26 23:25:56', 'success', 'admin@admin.com'),
(810, 'Contraseña o usuario incorrectos', '2021-02-26 23:25:56', 'failure', 'test'),
(811, 'Usuario ingreso al sistema sin problemas', '2021-02-26 23:25:56', 'success', 'owner@owner.com'),
(812, 'El usuario esta deshabilitado', '2021-02-26 23:37:19', 'failure', 'prueba@prueba2.com'),
(813, 'Usuario ingreso al sistema sin problemas', '2021-02-26 23:37:19', 'success', 'admin@admin.com'),
(814, 'Contraseña o usuario incorrectos', '2021-02-26 23:37:19', 'failure', 'test'),
(815, 'Usuario ingreso al sistema sin problemas', '2021-02-26 23:37:19', 'success', 'owner@owner.com'),
(816, 'El usuario esta deshabilitado', '2021-02-26 23:39:26', 'failure', 'prueba@prueba2.com'),
(817, 'Usuario ingreso al sistema sin problemas', '2021-02-26 23:39:27', 'success', 'admin@admin.com'),
(818, 'Contraseña o usuario incorrectos', '2021-02-26 23:39:27', 'failure', 'test'),
(819, 'Usuario ingreso al sistema sin problemas', '2021-02-26 23:39:27', 'success', 'owner@owner.com'),
(820, 'Usuario ingreso al sistema sin problemas', '2021-02-27 00:21:38', 'success', '12@12'),
(821, 'El usuario esta deshabilitado', '2021-02-27 00:23:45', 'failure', 'prueba@prueba2.com'),
(822, 'Usuario ingreso al sistema sin problemas', '2021-02-27 00:23:45', 'success', 'admin@admin.com'),
(823, 'Contraseña o usuario incorrectos', '2021-02-27 00:23:45', 'failure', 'test'),
(824, 'Usuario ingreso al sistema sin problemas', '2021-02-27 00:23:45', 'success', 'owner@owner.com'),
(825, 'El usuario esta deshabilitado', '2021-02-27 00:35:04', 'failure', 'prueba@prueba2.com'),
(826, 'Usuario ingreso al sistema sin problemas', '2021-02-27 00:35:04', 'success', 'admin@admin.com'),
(827, 'Contraseña o usuario incorrectos', '2021-02-27 00:35:04', 'failure', 'test'),
(828, 'Usuario ingreso al sistema sin problemas', '2021-02-27 00:35:04', 'success', 'owner@owner.com'),
(829, 'El usuario esta deshabilitado', '2021-02-27 00:36:45', 'failure', 'prueba@prueba2.com'),
(830, 'Usuario ingreso al sistema sin problemas', '2021-02-27 00:36:45', 'success', 'admin@admin.com'),
(831, 'Contraseña o usuario incorrectos', '2021-02-27 00:36:45', 'failure', 'test'),
(832, 'Usuario ingreso al sistema sin problemas', '2021-02-27 00:36:46', 'success', 'owner@owner.com'),
(833, 'Usuario ingreso al sistema sin problemas', '2021-02-27 01:12:20', 'success', '12@12'),
(834, 'El usuario esta deshabilitado', '2021-02-27 01:23:27', 'failure', 'prueba@prueba2.com'),
(835, 'Usuario ingreso al sistema sin problemas', '2021-02-27 01:23:27', 'success', 'admin@admin.com'),
(836, 'Contraseña o usuario incorrectos', '2021-02-27 01:23:27', 'failure', 'test'),
(837, 'Usuario ingreso al sistema sin problemas', '2021-02-27 01:23:27', 'success', 'owner@owner.com'),
(838, 'El usuario esta deshabilitado', '2021-02-27 01:32:47', 'failure', 'prueba@prueba2.com'),
(839, 'Usuario ingreso al sistema sin problemas', '2021-02-27 01:32:48', 'success', 'admin@admin.com'),
(840, 'Contraseña o usuario incorrectos', '2021-02-27 01:32:48', 'failure', 'test'),
(841, 'Usuario ingreso al sistema sin problemas', '2021-02-27 01:32:48', 'success', 'owner@owner.com'),
(842, 'El usuario esta deshabilitado', '2021-02-27 01:37:18', 'failure', 'prueba@prueba2.com'),
(843, 'Usuario ingreso al sistema sin problemas', '2021-02-27 01:37:18', 'success', 'admin@admin.com'),
(844, 'Contraseña o usuario incorrectos', '2021-02-27 01:37:18', 'failure', 'test'),
(845, 'Usuario ingreso al sistema sin problemas', '2021-02-27 01:37:18', 'success', 'owner@owner.com'),
(846, 'El usuario esta deshabilitado', '2021-02-27 01:45:36', 'failure', 'prueba@prueba2.com'),
(847, 'Usuario ingreso al sistema sin problemas', '2021-02-27 01:45:37', 'success', 'admin@admin.com'),
(848, 'Contraseña o usuario incorrectos', '2021-02-27 01:45:37', 'failure', 'test'),
(849, 'Usuario ingreso al sistema sin problemas', '2021-02-27 01:45:37', 'success', 'owner@owner.com'),
(850, 'El usuario esta deshabilitado', '2021-02-27 01:47:56', 'failure', 'prueba@prueba2.com'),
(851, 'Usuario ingreso al sistema sin problemas', '2021-02-27 01:47:56', 'success', 'admin@admin.com'),
(852, 'Contraseña o usuario incorrectos', '2021-02-27 01:47:56', 'failure', 'test'),
(853, 'Usuario ingreso al sistema sin problemas', '2021-02-27 01:47:56', 'success', 'owner@owner.com'),
(854, 'El usuario esta deshabilitado', '2021-02-27 01:49:13', 'failure', 'prueba@prueba2.com'),
(855, 'Usuario ingreso al sistema sin problemas', '2021-02-27 01:49:13', 'success', 'admin@admin.com'),
(856, 'Contraseña o usuario incorrectos', '2021-02-27 01:49:13', 'failure', 'test'),
(857, 'Usuario ingreso al sistema sin problemas', '2021-02-27 01:49:13', 'success', 'owner@owner.com'),
(858, 'El usuario esta deshabilitado', '2021-02-27 01:50:53', 'failure', 'prueba@prueba2.com'),
(859, 'Usuario ingreso al sistema sin problemas', '2021-02-27 01:50:53', 'success', 'admin@admin.com'),
(860, 'Contraseña o usuario incorrectos', '2021-02-27 01:50:53', 'failure', 'test'),
(861, 'Usuario ingreso al sistema sin problemas', '2021-02-27 01:50:53', 'success', 'owner@owner.com'),
(862, 'El usuario esta deshabilitado', '2021-02-27 01:52:38', 'failure', 'prueba@prueba2.com'),
(863, 'Usuario ingreso al sistema sin problemas', '2021-02-27 01:52:39', 'success', 'admin@admin.com'),
(864, 'Contraseña o usuario incorrectos', '2021-02-27 01:52:39', 'failure', 'test'),
(865, 'Usuario ingreso al sistema sin problemas', '2021-02-27 01:52:39', 'success', 'owner@owner.com'),
(866, 'El usuario esta deshabilitado', '2021-02-27 01:55:07', 'failure', 'prueba@prueba2.com'),
(867, 'Usuario ingreso al sistema sin problemas', '2021-02-27 01:55:08', 'success', 'admin@admin.com'),
(868, 'Contraseña o usuario incorrectos', '2021-02-27 01:55:08', 'failure', 'test'),
(869, 'Usuario ingreso al sistema sin problemas', '2021-02-27 01:55:08', 'success', 'owner@owner.com'),
(870, 'El usuario esta deshabilitado', '2021-02-27 01:57:03', 'failure', 'prueba@prueba2.com'),
(871, 'Usuario ingreso al sistema sin problemas', '2021-02-27 01:57:03', 'success', 'admin@admin.com'),
(872, 'Contraseña o usuario incorrectos', '2021-02-27 01:57:03', 'failure', 'test'),
(873, 'Usuario ingreso al sistema sin problemas', '2021-02-27 01:57:03', 'success', 'owner@owner.com'),
(874, 'El usuario esta deshabilitado', '2021-02-27 01:58:41', 'failure', 'prueba@prueba2.com'),
(875, 'Usuario ingreso al sistema sin problemas', '2021-02-27 01:58:41', 'success', 'admin@admin.com'),
(876, 'Contraseña o usuario incorrectos', '2021-02-27 01:58:41', 'failure', 'test'),
(877, 'Usuario ingreso al sistema sin problemas', '2021-02-27 01:58:41', 'success', 'owner@owner.com'),
(878, 'El usuario esta deshabilitado', '2021-02-27 02:07:30', 'failure', 'prueba@prueba2.com'),
(879, 'Usuario ingreso al sistema sin problemas', '2021-02-27 02:07:30', 'success', 'admin@admin.com'),
(880, 'Contraseña o usuario incorrectos', '2021-02-27 02:07:30', 'failure', 'test'),
(881, 'Usuario ingreso al sistema sin problemas', '2021-02-27 02:07:30', 'success', 'owner@owner.com'),
(882, 'Usuario ingreso al sistema sin problemas', '2021-02-27 02:08:24', 'success', '12@12'),
(883, 'Usuario ingreso al sistema sin problemas', '2021-02-27 02:09:08', 'success', 'admin@admin.com'),
(884, 'Usuario ingreso al sistema sin problemas', '2021-02-27 02:09:35', 'success', '12@12'),
(885, 'El usuario esta deshabilitado', '2021-02-27 02:14:15', 'failure', 'prueba@prueba2.com'),
(886, 'Usuario ingreso al sistema sin problemas', '2021-02-27 02:14:15', 'success', 'admin@admin.com'),
(887, 'Contraseña o usuario incorrectos', '2021-02-27 02:14:15', 'failure', 'test'),
(888, 'Usuario ingreso al sistema sin problemas', '2021-02-27 02:14:15', 'success', 'owner@owner.com'),
(889, 'El usuario esta deshabilitado', '2021-02-27 02:15:41', 'failure', 'prueba@prueba2.com'),
(890, 'Usuario ingreso al sistema sin problemas', '2021-02-27 02:15:41', 'success', 'admin@admin.com'),
(891, 'Contraseña o usuario incorrectos', '2021-02-27 02:15:41', 'failure', 'test'),
(892, 'Usuario ingreso al sistema sin problemas', '2021-02-27 02:15:42', 'success', 'owner@owner.com'),
(893, 'El usuario esta deshabilitado', '2021-02-27 02:16:56', 'failure', 'prueba@prueba2.com'),
(894, 'Usuario ingreso al sistema sin problemas', '2021-02-27 02:16:56', 'success', 'admin@admin.com'),
(895, 'Contraseña o usuario incorrectos', '2021-02-27 02:16:57', 'failure', 'test'),
(896, 'Usuario ingreso al sistema sin problemas', '2021-02-27 02:16:57', 'success', 'owner@owner.com'),
(897, 'El usuario esta deshabilitado', '2021-02-27 02:20:52', 'failure', 'prueba@prueba2.com'),
(898, 'Usuario ingreso al sistema sin problemas', '2021-02-27 02:20:52', 'success', 'admin@admin.com'),
(899, 'Contraseña o usuario incorrectos', '2021-02-27 02:20:52', 'failure', 'test'),
(900, 'Usuario ingreso al sistema sin problemas', '2021-02-27 02:20:53', 'success', 'owner@owner.com'),
(901, 'El usuario esta deshabilitado', '2021-02-27 02:22:28', 'failure', 'prueba@prueba2.com'),
(902, 'Usuario ingreso al sistema sin problemas', '2021-02-27 02:22:28', 'success', 'admin@admin.com'),
(903, 'Contraseña o usuario incorrectos', '2021-02-27 02:22:28', 'failure', 'test'),
(904, 'Usuario ingreso al sistema sin problemas', '2021-02-27 02:22:28', 'success', 'owner@owner.com'),
(905, 'El usuario esta deshabilitado', '2021-02-27 03:37:42', 'failure', 'prueba@prueba2.com'),
(906, 'Usuario ingreso al sistema sin problemas', '2021-02-27 03:37:42', 'success', 'admin@admin.com'),
(907, 'Contraseña o usuario incorrectos', '2021-02-27 03:37:42', 'failure', 'test'),
(908, 'Usuario ingreso al sistema sin problemas', '2021-02-27 03:37:42', 'success', 'owner@owner.com'),
(909, 'El usuario esta deshabilitado', '2021-02-27 03:39:39', 'failure', 'prueba@prueba2.com'),
(910, 'Usuario ingreso al sistema sin problemas', '2021-02-27 03:39:39', 'success', 'admin@admin.com'),
(911, 'Contraseña o usuario incorrectos', '2021-02-27 03:39:39', 'failure', 'test'),
(912, 'Usuario ingreso al sistema sin problemas', '2021-02-27 03:39:39', 'success', 'owner@owner.com'),
(913, 'El usuario esta deshabilitado', '2021-02-27 03:41:43', 'failure', 'prueba@prueba2.com'),
(914, 'Usuario ingreso al sistema sin problemas', '2021-02-27 03:41:43', 'success', 'admin@admin.com'),
(915, 'Contraseña o usuario incorrectos', '2021-02-27 03:41:43', 'failure', 'test'),
(916, 'Usuario ingreso al sistema sin problemas', '2021-02-27 03:41:43', 'success', 'owner@owner.com'),
(917, 'Usuario ingreso al sistema sin problemas', '2021-02-27 03:43:47', 'success', '12@12'),
(918, 'El usuario esta deshabilitado', '2021-02-27 03:46:50', 'failure', 'prueba@prueba2.com'),
(919, 'Usuario ingreso al sistema sin problemas', '2021-02-27 03:46:50', 'success', 'admin@admin.com'),
(920, 'Contraseña o usuario incorrectos', '2021-02-27 03:46:50', 'failure', 'test'),
(921, 'Usuario ingreso al sistema sin problemas', '2021-02-27 03:46:50', 'success', 'owner@owner.com'),
(922, 'Contraseña o usuario incorrectos', '2021-02-27 03:49:44', 'failure', '12@12'),
(923, 'Contraseña o usuario incorrectos', '2021-02-27 03:49:48', 'failure', '12@12'),
(924, 'El usuario esta deshabilitado', '2021-02-27 03:50:44', 'failure', 'prueba@prueba2.com'),
(925, 'Usuario ingreso al sistema sin problemas', '2021-02-27 03:50:44', 'success', 'admin@admin.com'),
(926, 'Contraseña o usuario incorrectos', '2021-02-27 03:50:44', 'failure', 'test'),
(927, 'Usuario ingreso al sistema sin problemas', '2021-02-27 03:50:44', 'success', 'owner@owner.com'),
(928, 'Contraseña o usuario incorrectos', '2021-02-27 03:51:01', 'failure', '12@12'),
(929, 'Usuario ingreso al sistema sin problemas', '2021-02-27 03:51:07', 'success', 'admin@admin.com'),
(930, 'El usuario esta deshabilitado', '2021-02-27 03:53:37', 'failure', '12@12'),
(931, 'Usuario ingreso al sistema sin problemas', '2021-02-27 03:53:47', 'success', 'admin@admin.com'),
(932, 'Usuario ingreso al sistema sin problemas', '2021-02-27 03:53:58', 'success', '12@12'),
(933, 'Contraseña o usuario incorrectos', '2021-02-27 03:57:24', 'failure', '12@12'),
(934, 'Usuario ingreso al sistema sin problemas', '2021-02-27 03:59:26', 'success', 'admin@admin.com'),
(935, 'Contraseña o usuario incorrectos', '2021-02-27 04:01:11', 'failure', '12@12'),
(936, 'Usuario ingreso al sistema sin problemas', '2021-02-27 04:01:46', 'success', 'admin@admin.com'),
(937, 'Usuario ingreso al sistema sin problemas', '2021-02-27 04:01:55', 'success', '12@12'),
(938, 'Usuario ingreso al sistema sin problemas', '2021-02-27 04:02:39', 'success', 'admin@admin.com'),
(939, 'El usuario esta deshabilitado', '2021-02-27 04:04:04', 'failure', '12@12'),
(940, 'Contraseña o usuario incorrectos', '2021-02-27 04:04:11', 'failure', 'admin@admin.com'),
(941, 'Usuario ingreso al sistema sin problemas', '2021-02-27 04:04:18', 'success', 'admin@admin.com'),
(942, 'Usuario ingreso al sistema sin problemas', '2021-02-27 04:04:29', 'success', '12@12'),
(943, 'Usuario ingreso al sistema sin problemas', '2021-02-27 04:20:03', 'success', 'admin@admin.com'),
(944, 'Usuario ingreso al sistema sin problemas', '2021-02-27 04:20:10', 'success', '12@12'),
(945, 'Contraseña o usuario incorrectos', '2021-02-27 04:21:19', 'failure', '12@12'),
(946, 'El usuario esta deshabilitado', '2021-02-27 05:32:06', 'failure', 'prueba@prueba2.com'),
(947, 'Usuario ingreso al sistema sin problemas', '2021-02-27 05:32:06', 'success', 'admin@admin.com'),
(948, 'Contraseña o usuario incorrectos', '2021-02-27 05:32:06', 'failure', 'test'),
(949, 'Usuario ingreso al sistema sin problemas', '2021-02-27 05:32:06', 'success', 'owner@owner.com'),
(950, 'Contraseña o usuario incorrectos', '2021-02-27 05:33:45', 'failure', 'admin@'),
(951, 'Usuario ingreso al sistema sin problemas', '2021-02-27 05:33:49', 'success', 'admin@admin.com'),
(952, 'Usuario ingreso al sistema sin problemas', '2021-02-27 05:33:59', 'success', '12@12'),
(953, 'El usuario esta deshabilitado', '2021-02-27 05:46:11', 'failure', 'prueba@prueba2.com'),
(954, 'Usuario ingreso al sistema sin problemas', '2021-02-27 05:46:11', 'success', 'admin@admin.com'),
(955, 'Contraseña o usuario incorrectos', '2021-02-27 05:46:11', 'failure', 'test'),
(956, 'Usuario ingreso al sistema sin problemas', '2021-02-27 05:46:11', 'success', 'owner@owner.com'),
(957, 'El usuario esta deshabilitado', '2021-02-27 05:49:01', 'failure', 'prueba@prueba2.com'),
(958, 'Usuario ingreso al sistema sin problemas', '2021-02-27 05:49:01', 'success', 'admin@admin.com'),
(959, 'Contraseña o usuario incorrectos', '2021-02-27 05:49:01', 'failure', 'test'),
(960, 'Usuario ingreso al sistema sin problemas', '2021-02-27 05:49:01', 'success', 'owner@owner.com'),
(961, 'El usuario esta deshabilitado', '2021-02-27 05:50:40', 'failure', 'prueba@prueba2.com'),
(962, 'Usuario ingreso al sistema sin problemas', '2021-02-27 05:50:40', 'success', 'admin@admin.com'),
(963, 'Contraseña o usuario incorrectos', '2021-02-27 05:50:40', 'failure', 'test'),
(964, 'Usuario ingreso al sistema sin problemas', '2021-02-27 05:50:41', 'success', 'owner@owner.com'),
(965, 'El usuario esta deshabilitado', '2021-02-27 06:01:41', 'failure', 'prueba@prueba2.com'),
(966, 'Usuario ingreso al sistema sin problemas', '2021-02-27 06:01:41', 'success', 'admin@admin.com'),
(967, 'Contraseña o usuario incorrectos', '2021-02-27 06:01:41', 'failure', 'test'),
(968, 'Usuario ingreso al sistema sin problemas', '2021-02-27 06:01:41', 'success', 'owner@owner.com'),
(969, 'El usuario esta deshabilitado', '2021-02-27 06:03:31', 'failure', 'prueba@prueba2.com'),
(970, 'Usuario ingreso al sistema sin problemas', '2021-02-27 06:03:31', 'success', 'admin@admin.com'),
(971, 'Contraseña o usuario incorrectos', '2021-02-27 06:03:31', 'failure', 'test'),
(972, 'Usuario ingreso al sistema sin problemas', '2021-02-27 06:03:31', 'success', 'owner@owner.com'),
(973, 'El usuario esta deshabilitado', '2021-02-27 06:37:24', 'failure', 'prueba@prueba2.com'),
(974, 'Usuario ingreso al sistema sin problemas', '2021-02-27 06:37:25', 'success', 'admin@admin.com'),
(975, 'Contraseña o usuario incorrectos', '2021-02-27 06:37:25', 'failure', 'test'),
(976, 'Usuario ingreso al sistema sin problemas', '2021-02-27 06:37:25', 'success', 'owner@owner.com'),
(977, 'El usuario esta deshabilitado', '2021-02-27 06:42:46', 'failure', 'prueba@prueba2.com'),
(978, 'Usuario ingreso al sistema sin problemas', '2021-02-27 06:42:46', 'success', 'admin@admin.com'),
(979, 'Contraseña o usuario incorrectos', '2021-02-27 06:42:46', 'failure', 'test'),
(980, 'Usuario ingreso al sistema sin problemas', '2021-02-27 06:42:46', 'success', 'owner@owner.com'),
(981, 'Usuario ingreso al sistema sin problemas', '2021-02-27 06:43:16', 'success', '12@12'),
(982, 'El usuario esta deshabilitado', '2021-02-27 06:45:37', 'failure', 'prueba@prueba2.com'),
(983, 'Usuario ingreso al sistema sin problemas', '2021-02-27 06:45:38', 'success', 'admin@admin.com'),
(984, 'Contraseña o usuario incorrectos', '2021-02-27 06:45:38', 'failure', 'test'),
(985, 'Usuario ingreso al sistema sin problemas', '2021-02-27 06:45:38', 'success', 'owner@owner.com'),
(986, 'El usuario esta deshabilitado', '2021-02-27 06:48:03', 'failure', 'prueba@prueba2.com'),
(987, 'Usuario ingreso al sistema sin problemas', '2021-02-27 06:48:03', 'success', 'admin@admin.com'),
(988, 'Contraseña o usuario incorrectos', '2021-02-27 06:48:03', 'failure', 'test'),
(989, 'Usuario ingreso al sistema sin problemas', '2021-02-27 06:48:03', 'success', 'owner@owner.com'),
(990, 'El usuario esta deshabilitado', '2021-02-27 06:49:32', 'failure', 'prueba@prueba2.com'),
(991, 'Usuario ingreso al sistema sin problemas', '2021-02-27 06:49:32', 'success', 'admin@admin.com'),
(992, 'Contraseña o usuario incorrectos', '2021-02-27 06:49:32', 'failure', 'test'),
(993, 'Usuario ingreso al sistema sin problemas', '2021-02-27 06:49:32', 'success', 'owner@owner.com'),
(994, 'El usuario esta deshabilitado', '2021-02-27 06:51:24', 'failure', 'prueba@prueba2.com'),
(995, 'Usuario ingreso al sistema sin problemas', '2021-02-27 06:51:24', 'success', 'admin@admin.com'),
(996, 'Contraseña o usuario incorrectos', '2021-02-27 06:51:24', 'failure', 'test'),
(997, 'Usuario ingreso al sistema sin problemas', '2021-02-27 06:51:24', 'success', 'owner@owner.com'),
(998, 'El usuario esta deshabilitado', '2021-02-27 06:53:31', 'failure', 'prueba@prueba2.com'),
(999, 'Usuario ingreso al sistema sin problemas', '2021-02-27 06:53:31', 'success', 'admin@admin.com'),
(1000, 'Contraseña o usuario incorrectos', '2021-02-27 06:53:31', 'failure', 'test'),
(1001, 'Usuario ingreso al sistema sin problemas', '2021-02-27 06:53:31', 'success', 'owner@owner.com'),
(1002, 'El usuario esta deshabilitado', '2021-02-27 06:56:12', 'failure', 'prueba@prueba2.com'),
(1003, 'Usuario ingreso al sistema sin problemas', '2021-02-27 06:56:13', 'success', 'admin@admin.com'),
(1004, 'Contraseña o usuario incorrectos', '2021-02-27 06:56:13', 'failure', 'test'),
(1005, 'Usuario ingreso al sistema sin problemas', '2021-02-27 06:56:13', 'success', 'owner@owner.com'),
(1006, 'El usuario esta deshabilitado', '2021-02-27 07:25:43', 'failure', 'prueba@prueba2.com'),
(1007, 'Usuario ingreso al sistema sin problemas', '2021-02-27 07:25:45', 'success', 'admin@admin.com'),
(1008, 'Contraseña o usuario incorrectos', '2021-02-27 07:25:45', 'failure', 'test'),
(1009, 'Usuario ingreso al sistema sin problemas', '2021-02-27 07:25:45', 'success', 'owner@owner.com'),
(1010, 'El usuario esta deshabilitado', '2021-02-27 07:28:09', 'failure', 'prueba@prueba2.com'),
(1011, 'Usuario ingreso al sistema sin problemas', '2021-02-27 07:28:10', 'success', 'admin@admin.com'),
(1012, 'Contraseña o usuario incorrectos', '2021-02-27 07:28:10', 'failure', 'test'),
(1013, 'Usuario ingreso al sistema sin problemas', '2021-02-27 07:28:10', 'success', 'owner@owner.com'),
(1014, 'El usuario esta deshabilitado', '2021-02-27 07:30:14', 'failure', 'prueba@prueba2.com'),
(1015, 'Usuario ingreso al sistema sin problemas', '2021-02-27 07:30:14', 'success', 'admin@admin.com'),
(1016, 'Contraseña o usuario incorrectos', '2021-02-27 07:30:15', 'failure', 'test'),
(1017, 'Usuario ingreso al sistema sin problemas', '2021-02-27 07:30:15', 'success', 'owner@owner.com'),
(1018, 'El usuario esta deshabilitado', '2021-02-27 07:31:56', 'failure', 'prueba@prueba2.com'),
(1019, 'Usuario ingreso al sistema sin problemas', '2021-02-27 07:31:56', 'success', 'admin@admin.com'),
(1020, 'Contraseña o usuario incorrectos', '2021-02-27 07:31:57', 'failure', 'test'),
(1021, 'Usuario ingreso al sistema sin problemas', '2021-02-27 07:31:58', 'success', 'owner@owner.com'),
(1022, 'El usuario esta deshabilitado', '2021-02-27 07:34:03', 'failure', 'prueba@prueba2.com'),
(1023, 'Usuario ingreso al sistema sin problemas', '2021-02-27 07:34:03', 'success', 'admin@admin.com'),
(1024, 'Contraseña o usuario incorrectos', '2021-02-27 07:34:03', 'failure', 'test'),
(1025, 'Usuario ingreso al sistema sin problemas', '2021-02-27 07:34:03', 'success', 'owner@owner.com'),
(1026, 'El usuario esta deshabilitado', '2021-02-27 07:35:16', 'failure', 'prueba@prueba2.com'),
(1027, 'Usuario ingreso al sistema sin problemas', '2021-02-27 07:35:16', 'success', 'admin@admin.com'),
(1028, 'Contraseña o usuario incorrectos', '2021-02-27 07:35:16', 'failure', 'test'),
(1029, 'Usuario ingreso al sistema sin problemas', '2021-02-27 07:35:17', 'success', 'owner@owner.com'),
(1030, 'El usuario esta deshabilitado', '2021-02-27 07:36:45', 'failure', 'prueba@prueba2.com'),
(1031, 'Usuario ingreso al sistema sin problemas', '2021-02-27 07:36:46', 'success', 'admin@admin.com'),
(1032, 'Contraseña o usuario incorrectos', '2021-02-27 07:36:46', 'failure', 'test'),
(1033, 'Usuario ingreso al sistema sin problemas', '2021-02-27 07:36:46', 'success', 'owner@owner.com'),
(1034, 'El usuario esta deshabilitado', '2021-02-27 07:49:04', 'failure', 'prueba@prueba2.com'),
(1035, 'Usuario ingreso al sistema sin problemas', '2021-02-27 07:49:04', 'success', 'admin@admin.com'),
(1036, 'Contraseña o usuario incorrectos', '2021-02-27 07:49:04', 'failure', 'test'),
(1037, 'Usuario ingreso al sistema sin problemas', '2021-02-27 07:49:04', 'success', 'owner@owner.com'),
(1038, 'El usuario esta deshabilitado', '2021-02-27 07:52:04', 'failure', 'prueba@prueba2.com'),
(1039, 'Usuario ingreso al sistema sin problemas', '2021-02-27 07:52:04', 'success', 'admin@admin.com'),
(1040, 'Contraseña o usuario incorrectos', '2021-02-27 07:52:04', 'failure', 'test'),
(1041, 'Usuario ingreso al sistema sin problemas', '2021-02-27 07:52:04', 'success', 'owner@owner.com'),
(1042, 'El usuario esta deshabilitado', '2021-02-27 07:53:56', 'failure', 'prueba@prueba2.com'),
(1043, 'Usuario ingreso al sistema sin problemas', '2021-02-27 07:53:56', 'success', 'admin@admin.com'),
(1044, 'Contraseña o usuario incorrectos', '2021-02-27 07:53:57', 'failure', 'test'),
(1045, 'Usuario ingreso al sistema sin problemas', '2021-02-27 07:53:57', 'success', 'owner@owner.com'),
(1046, 'El usuario esta deshabilitado', '2021-02-27 08:00:09', 'failure', 'prueba@prueba2.com'),
(1047, 'Usuario ingreso al sistema sin problemas', '2021-02-27 08:00:09', 'success', 'admin@admin.com'),
(1048, 'Contraseña o usuario incorrectos', '2021-02-27 08:00:09', 'failure', 'test'),
(1049, 'Usuario ingreso al sistema sin problemas', '2021-02-27 08:00:09', 'success', 'owner@owner.com'),
(1050, 'El usuario esta deshabilitado', '2021-02-28 06:52:52', 'failure', 'prueba@prueba2.com');
INSERT INTO `records` (`id`, `description`, `record_date`, `type`, `user_email`) VALUES
(1051, 'Usuario ingreso al sistema sin problemas', '2021-02-28 06:52:52', 'success', 'admin@admin.com'),
(1052, 'Contraseña o usuario incorrectos', '2021-02-28 06:52:52', 'failure', 'test'),
(1053, 'Usuario ingreso al sistema sin problemas', '2021-02-28 06:52:52', 'success', 'owner@owner.com'),
(1054, 'Usuario ingreso al sistema sin problemas', '2021-02-28 06:53:42', 'success', 'admin@admin.com'),
(1055, 'Usuario ingreso al sistema sin problemas', '2021-02-28 07:06:03', 'success', '12@12'),
(1056, 'Usuario ingreso al sistema sin problemas', '2021-02-28 07:23:58', 'success', '12@12'),
(1057, 'El usuario esta deshabilitado', '2021-02-28 07:35:08', 'failure', 'prueba@prueba2.com'),
(1058, 'Usuario ingreso al sistema sin problemas', '2021-02-28 07:35:08', 'success', 'admin@admin.com'),
(1059, 'Contraseña o usuario incorrectos', '2021-02-28 07:35:08', 'failure', 'test'),
(1060, 'Usuario ingreso al sistema sin problemas', '2021-02-28 07:35:09', 'success', 'owner@owner.com'),
(1061, 'Usuario ingreso al sistema sin problemas', '2021-02-28 07:35:51', 'success', '12@12'),
(1062, 'El usuario esta deshabilitado', '2021-02-28 07:37:35', 'failure', 'prueba@prueba2.com'),
(1063, 'Usuario ingreso al sistema sin problemas', '2021-02-28 07:37:35', 'success', 'admin@admin.com'),
(1064, 'Contraseña o usuario incorrectos', '2021-02-28 07:37:35', 'failure', 'test'),
(1065, 'Usuario ingreso al sistema sin problemas', '2021-02-28 07:37:35', 'success', 'owner@owner.com'),
(1066, 'El usuario esta deshabilitado', '2021-02-28 07:42:28', 'failure', 'prueba@prueba2.com'),
(1067, 'Usuario ingreso al sistema sin problemas', '2021-02-28 07:42:28', 'success', 'admin@admin.com'),
(1068, 'Contraseña o usuario incorrectos', '2021-02-28 07:42:28', 'failure', 'test'),
(1069, 'Usuario ingreso al sistema sin problemas', '2021-02-28 07:42:28', 'success', 'owner@owner.com'),
(1070, 'El usuario esta deshabilitado', '2021-02-28 07:44:14', 'failure', 'prueba@prueba2.com'),
(1071, 'Usuario ingreso al sistema sin problemas', '2021-02-28 07:44:14', 'success', 'admin@admin.com'),
(1072, 'Contraseña o usuario incorrectos', '2021-02-28 07:44:14', 'failure', 'test'),
(1073, 'Usuario ingreso al sistema sin problemas', '2021-02-28 07:44:14', 'success', 'owner@owner.com'),
(1074, 'Usuario ingreso al sistema sin problemas', '2021-02-28 07:45:41', 'success', '12@12'),
(1075, 'El usuario esta deshabilitado', '2021-02-28 07:57:53', 'failure', 'prueba@prueba2.com'),
(1076, 'Usuario ingreso al sistema sin problemas', '2021-02-28 07:57:54', 'success', 'admin@admin.com'),
(1077, 'Contraseña o usuario incorrectos', '2021-02-28 07:57:54', 'failure', 'test'),
(1078, 'Usuario ingreso al sistema sin problemas', '2021-02-28 07:57:54', 'success', 'owner@owner.com'),
(1079, 'El usuario esta deshabilitado', '2021-02-28 08:02:32', 'failure', 'prueba@prueba2.com'),
(1080, 'Usuario ingreso al sistema sin problemas', '2021-02-28 08:02:32', 'success', 'admin@admin.com'),
(1081, 'Contraseña o usuario incorrectos', '2021-02-28 08:02:32', 'failure', 'test'),
(1082, 'Usuario ingreso al sistema sin problemas', '2021-02-28 08:02:32', 'success', 'owner@owner.com'),
(1083, 'El usuario esta deshabilitado', '2021-02-28 08:04:18', 'failure', 'prueba@prueba2.com'),
(1084, 'Usuario ingreso al sistema sin problemas', '2021-02-28 08:04:19', 'success', 'admin@admin.com'),
(1085, 'Contraseña o usuario incorrectos', '2021-02-28 08:04:19', 'failure', 'test'),
(1086, 'Usuario ingreso al sistema sin problemas', '2021-02-28 08:04:19', 'success', 'owner@owner.com'),
(1087, 'El usuario esta deshabilitado', '2021-02-28 08:06:32', 'failure', 'prueba@prueba2.com'),
(1088, 'Usuario ingreso al sistema sin problemas', '2021-02-28 08:06:32', 'success', 'admin@admin.com'),
(1089, 'Contraseña o usuario incorrectos', '2021-02-28 08:06:32', 'failure', 'test'),
(1090, 'Usuario ingreso al sistema sin problemas', '2021-02-28 08:06:32', 'success', 'owner@owner.com'),
(1091, 'El usuario esta deshabilitado', '2021-02-28 08:13:05', 'failure', 'prueba@prueba2.com'),
(1092, 'Usuario ingreso al sistema sin problemas', '2021-02-28 08:13:05', 'success', 'admin@admin.com'),
(1093, 'Contraseña o usuario incorrectos', '2021-02-28 08:13:05', 'failure', 'test'),
(1094, 'Usuario ingreso al sistema sin problemas', '2021-02-28 08:13:05', 'success', 'owner@owner.com'),
(1095, 'El usuario esta deshabilitado', '2021-02-28 08:14:59', 'failure', 'prueba@prueba2.com'),
(1096, 'Usuario ingreso al sistema sin problemas', '2021-02-28 08:15:00', 'success', 'admin@admin.com'),
(1097, 'Contraseña o usuario incorrectos', '2021-02-28 08:15:00', 'failure', 'test'),
(1098, 'Usuario ingreso al sistema sin problemas', '2021-02-28 08:15:00', 'success', 'owner@owner.com'),
(1099, 'El usuario esta deshabilitado', '2021-02-28 08:16:40', 'failure', 'prueba@prueba2.com'),
(1100, 'Usuario ingreso al sistema sin problemas', '2021-02-28 08:16:41', 'success', 'admin@admin.com'),
(1101, 'Contraseña o usuario incorrectos', '2021-02-28 08:16:41', 'failure', 'test'),
(1102, 'Usuario ingreso al sistema sin problemas', '2021-02-28 08:16:41', 'success', 'owner@owner.com'),
(1103, 'El usuario esta deshabilitado', '2021-02-28 08:19:51', 'failure', 'prueba@prueba2.com'),
(1104, 'Usuario ingreso al sistema sin problemas', '2021-02-28 08:19:51', 'success', 'admin@admin.com'),
(1105, 'Contraseña o usuario incorrectos', '2021-02-28 08:19:51', 'failure', 'test'),
(1106, 'Usuario ingreso al sistema sin problemas', '2021-02-28 08:19:51', 'success', 'owner@owner.com'),
(1107, 'El usuario esta deshabilitado', '2021-02-28 08:21:27', 'failure', 'prueba@prueba2.com'),
(1108, 'Usuario ingreso al sistema sin problemas', '2021-02-28 08:21:27', 'success', 'admin@admin.com'),
(1109, 'Contraseña o usuario incorrectos', '2021-02-28 08:21:27', 'failure', 'test'),
(1110, 'Usuario ingreso al sistema sin problemas', '2021-02-28 08:21:27', 'success', 'owner@owner.com'),
(1111, 'El usuario esta deshabilitado', '2021-02-28 08:22:41', 'failure', 'prueba@prueba2.com'),
(1112, 'Usuario ingreso al sistema sin problemas', '2021-02-28 08:22:41', 'success', 'admin@admin.com'),
(1113, 'Contraseña o usuario incorrectos', '2021-02-28 08:22:41', 'failure', 'test'),
(1114, 'Usuario ingreso al sistema sin problemas', '2021-02-28 08:22:42', 'success', 'owner@owner.com'),
(1115, 'El usuario esta deshabilitado', '2021-02-28 08:28:14', 'failure', 'prueba@prueba2.com'),
(1116, 'Usuario ingreso al sistema sin problemas', '2021-02-28 08:28:14', 'success', 'admin@admin.com'),
(1117, 'Contraseña o usuario incorrectos', '2021-02-28 08:28:14', 'failure', 'test'),
(1118, 'Usuario ingreso al sistema sin problemas', '2021-02-28 08:28:14', 'success', 'owner@owner.com'),
(1119, 'El usuario esta deshabilitado', '2021-02-28 08:32:16', 'failure', 'prueba@prueba2.com'),
(1120, 'Usuario ingreso al sistema sin problemas', '2021-02-28 08:32:16', 'success', 'admin@admin.com'),
(1121, 'Contraseña o usuario incorrectos', '2021-02-28 08:32:16', 'failure', 'test'),
(1122, 'Usuario ingreso al sistema sin problemas', '2021-02-28 08:32:16', 'success', 'owner@owner.com'),
(1123, 'El usuario esta deshabilitado', '2021-02-28 08:33:32', 'failure', 'prueba@prueba2.com'),
(1124, 'Usuario ingreso al sistema sin problemas', '2021-02-28 08:33:33', 'success', 'admin@admin.com'),
(1125, 'Contraseña o usuario incorrectos', '2021-02-28 08:33:33', 'failure', 'test'),
(1126, 'Usuario ingreso al sistema sin problemas', '2021-02-28 08:33:33', 'success', 'owner@owner.com'),
(1127, 'El usuario esta deshabilitado', '2021-02-28 08:43:10', 'failure', 'prueba@prueba2.com'),
(1128, 'Usuario ingreso al sistema sin problemas', '2021-02-28 08:43:10', 'success', 'admin@admin.com'),
(1129, 'Contraseña o usuario incorrectos', '2021-02-28 08:43:10', 'failure', 'test'),
(1130, 'Usuario ingreso al sistema sin problemas', '2021-02-28 08:43:10', 'success', 'owner@owner.com'),
(1131, 'El usuario esta deshabilitado', '2021-02-28 08:44:45', 'failure', 'prueba@prueba2.com'),
(1132, 'Usuario ingreso al sistema sin problemas', '2021-02-28 08:44:45', 'success', 'admin@admin.com'),
(1133, 'Contraseña o usuario incorrectos', '2021-02-28 08:44:45', 'failure', 'test'),
(1134, 'Usuario ingreso al sistema sin problemas', '2021-02-28 08:44:45', 'success', 'owner@owner.com'),
(1135, 'El usuario esta deshabilitado', '2021-02-28 08:46:06', 'failure', 'prueba@prueba2.com'),
(1136, 'Usuario ingreso al sistema sin problemas', '2021-02-28 08:46:06', 'success', 'admin@admin.com'),
(1137, 'Contraseña o usuario incorrectos', '2021-02-28 08:46:06', 'failure', 'test'),
(1138, 'Usuario ingreso al sistema sin problemas', '2021-02-28 08:46:06', 'success', 'owner@owner.com'),
(1139, 'El usuario esta deshabilitado', '2021-02-28 08:47:22', 'failure', 'prueba@prueba2.com'),
(1140, 'Usuario ingreso al sistema sin problemas', '2021-02-28 08:47:22', 'success', 'admin@admin.com'),
(1141, 'Contraseña o usuario incorrectos', '2021-02-28 08:47:22', 'failure', 'test'),
(1142, 'Usuario ingreso al sistema sin problemas', '2021-02-28 08:47:23', 'success', 'owner@owner.com'),
(1143, 'El usuario esta deshabilitado', '2021-02-28 08:52:17', 'failure', 'prueba@prueba2.com'),
(1144, 'Usuario ingreso al sistema sin problemas', '2021-02-28 08:52:17', 'success', 'admin@admin.com'),
(1145, 'Contraseña o usuario incorrectos', '2021-02-28 08:52:17', 'failure', 'test'),
(1146, 'Usuario ingreso al sistema sin problemas', '2021-02-28 08:52:17', 'success', 'owner@owner.com'),
(1147, 'El usuario esta deshabilitado', '2021-02-28 08:59:45', 'failure', 'prueba@prueba2.com'),
(1148, 'Usuario ingreso al sistema sin problemas', '2021-02-28 08:59:45', 'success', 'admin@admin.com'),
(1149, 'Contraseña o usuario incorrectos', '2021-02-28 08:59:45', 'failure', 'test'),
(1150, 'Usuario ingreso al sistema sin problemas', '2021-02-28 08:59:45', 'success', 'owner@owner.com'),
(1151, 'El usuario esta deshabilitado', '2021-02-28 09:01:48', 'failure', 'prueba@prueba2.com'),
(1152, 'Usuario ingreso al sistema sin problemas', '2021-02-28 09:01:48', 'success', 'admin@admin.com'),
(1153, 'Contraseña o usuario incorrectos', '2021-02-28 09:01:48', 'failure', 'test'),
(1154, 'Usuario ingreso al sistema sin problemas', '2021-02-28 09:01:48', 'success', 'owner@owner.com'),
(1155, 'El usuario esta deshabilitado', '2021-02-28 09:03:26', 'failure', 'prueba@prueba2.com'),
(1156, 'Usuario ingreso al sistema sin problemas', '2021-02-28 09:03:27', 'success', 'admin@admin.com'),
(1157, 'Contraseña o usuario incorrectos', '2021-02-28 09:03:27', 'failure', 'test'),
(1158, 'Usuario ingreso al sistema sin problemas', '2021-02-28 09:03:27', 'success', 'owner@owner.com'),
(1159, 'El usuario esta deshabilitado', '2021-02-28 09:04:32', 'failure', 'prueba@prueba2.com'),
(1160, 'Usuario ingreso al sistema sin problemas', '2021-02-28 09:04:32', 'success', 'admin@admin.com'),
(1161, 'Contraseña o usuario incorrectos', '2021-02-28 09:04:32', 'failure', 'test'),
(1162, 'Usuario ingreso al sistema sin problemas', '2021-02-28 09:04:32', 'success', 'owner@owner.com'),
(1163, 'El usuario esta deshabilitado', '2021-02-28 09:06:58', 'failure', 'prueba@prueba2.com'),
(1164, 'Usuario ingreso al sistema sin problemas', '2021-02-28 09:06:58', 'success', 'admin@admin.com'),
(1165, 'Contraseña o usuario incorrectos', '2021-02-28 09:06:58', 'failure', 'test'),
(1166, 'Usuario ingreso al sistema sin problemas', '2021-02-28 09:06:59', 'success', 'owner@owner.com'),
(1167, 'El usuario esta deshabilitado', '2021-02-28 09:08:49', 'failure', 'prueba@prueba2.com'),
(1168, 'Usuario ingreso al sistema sin problemas', '2021-02-28 09:08:49', 'success', 'admin@admin.com'),
(1169, 'Contraseña o usuario incorrectos', '2021-02-28 09:08:49', 'failure', 'test'),
(1170, 'Usuario ingreso al sistema sin problemas', '2021-02-28 09:08:49', 'success', 'owner@owner.com'),
(1171, 'El usuario esta deshabilitado', '2021-02-28 09:10:34', 'failure', 'prueba@prueba2.com'),
(1172, 'Usuario ingreso al sistema sin problemas', '2021-02-28 09:10:34', 'success', 'admin@admin.com'),
(1173, 'Contraseña o usuario incorrectos', '2021-02-28 09:10:34', 'failure', 'test'),
(1174, 'Usuario ingreso al sistema sin problemas', '2021-02-28 09:10:35', 'success', 'owner@owner.com'),
(1175, 'El usuario esta deshabilitado', '2021-02-28 09:13:07', 'failure', 'prueba@prueba2.com'),
(1176, 'Usuario ingreso al sistema sin problemas', '2021-02-28 09:13:07', 'success', 'admin@admin.com'),
(1177, 'Contraseña o usuario incorrectos', '2021-02-28 09:13:07', 'failure', 'test'),
(1178, 'Usuario ingreso al sistema sin problemas', '2021-02-28 09:13:07', 'success', 'owner@owner.com'),
(1179, 'El usuario esta deshabilitado', '2021-02-28 09:22:41', 'failure', 'prueba@prueba2.com'),
(1180, 'Usuario ingreso al sistema sin problemas', '2021-02-28 09:22:41', 'success', 'admin@admin.com'),
(1181, 'Contraseña o usuario incorrectos', '2021-02-28 09:22:41', 'failure', 'test'),
(1182, 'Usuario ingreso al sistema sin problemas', '2021-02-28 09:22:41', 'success', 'owner@owner.com'),
(1183, 'El usuario esta deshabilitado', '2021-02-28 09:23:59', 'failure', 'prueba@prueba2.com'),
(1184, 'Usuario ingreso al sistema sin problemas', '2021-02-28 09:23:59', 'success', 'admin@admin.com'),
(1185, 'Contraseña o usuario incorrectos', '2021-02-28 09:23:59', 'failure', 'test'),
(1186, 'Usuario ingreso al sistema sin problemas', '2021-02-28 09:24:00', 'success', 'owner@owner.com'),
(1187, 'El usuario esta deshabilitado', '2021-02-28 09:25:38', 'failure', 'prueba@prueba2.com'),
(1188, 'Usuario ingreso al sistema sin problemas', '2021-02-28 09:25:38', 'success', 'admin@admin.com'),
(1189, 'Contraseña o usuario incorrectos', '2021-02-28 09:25:38', 'failure', 'test'),
(1190, 'Usuario ingreso al sistema sin problemas', '2021-02-28 09:25:38', 'success', 'owner@owner.com'),
(1191, 'El usuario esta deshabilitado', '2021-02-28 09:28:24', 'failure', 'prueba@prueba2.com'),
(1192, 'Usuario ingreso al sistema sin problemas', '2021-02-28 09:28:24', 'success', 'admin@admin.com'),
(1193, 'Contraseña o usuario incorrectos', '2021-02-28 09:28:24', 'failure', 'test'),
(1194, 'Usuario ingreso al sistema sin problemas', '2021-02-28 09:28:24', 'success', 'owner@owner.com'),
(1195, 'El usuario esta deshabilitado', '2021-02-28 09:29:56', 'failure', 'prueba@prueba2.com'),
(1196, 'Usuario ingreso al sistema sin problemas', '2021-02-28 09:29:56', 'success', 'admin@admin.com'),
(1197, 'Contraseña o usuario incorrectos', '2021-02-28 09:29:56', 'failure', 'test'),
(1198, 'Usuario ingreso al sistema sin problemas', '2021-02-28 09:29:56', 'success', 'owner@owner.com'),
(1199, 'El usuario esta deshabilitado', '2021-02-28 09:32:35', 'failure', 'prueba@prueba2.com'),
(1200, 'Usuario ingreso al sistema sin problemas', '2021-02-28 09:32:35', 'success', 'admin@admin.com'),
(1201, 'Contraseña o usuario incorrectos', '2021-02-28 09:32:35', 'failure', 'test'),
(1202, 'Usuario ingreso al sistema sin problemas', '2021-02-28 09:32:35', 'success', 'owner@owner.com'),
(1203, 'El usuario esta deshabilitado', '2021-02-28 09:35:47', 'failure', 'prueba@prueba2.com'),
(1204, 'Usuario ingreso al sistema sin problemas', '2021-02-28 09:35:47', 'success', 'admin@admin.com'),
(1205, 'Contraseña o usuario incorrectos', '2021-02-28 09:35:47', 'failure', 'test'),
(1206, 'Usuario ingreso al sistema sin problemas', '2021-02-28 09:35:48', 'success', 'owner@owner.com'),
(1207, 'El usuario esta deshabilitado', '2021-02-28 09:38:35', 'failure', 'prueba@prueba2.com'),
(1208, 'Usuario ingreso al sistema sin problemas', '2021-02-28 09:38:35', 'success', 'admin@admin.com'),
(1209, 'Contraseña o usuario incorrectos', '2021-02-28 09:38:35', 'failure', 'test'),
(1210, 'Usuario ingreso al sistema sin problemas', '2021-02-28 09:38:35', 'success', 'owner@owner.com'),
(1211, 'El usuario esta deshabilitado', '2021-02-28 09:40:02', 'failure', 'prueba@prueba2.com'),
(1212, 'Usuario ingreso al sistema sin problemas', '2021-02-28 09:40:02', 'success', 'admin@admin.com'),
(1213, 'Contraseña o usuario incorrectos', '2021-02-28 09:40:02', 'failure', 'test'),
(1214, 'Usuario ingreso al sistema sin problemas', '2021-02-28 09:40:02', 'success', 'owner@owner.com'),
(1215, 'El usuario esta deshabilitado', '2021-02-28 09:41:09', 'failure', 'prueba@prueba2.com'),
(1216, 'Usuario ingreso al sistema sin problemas', '2021-02-28 09:41:09', 'success', 'admin@admin.com'),
(1217, 'Contraseña o usuario incorrectos', '2021-02-28 09:41:09', 'failure', 'test'),
(1218, 'Usuario ingreso al sistema sin problemas', '2021-02-28 09:41:10', 'success', 'owner@owner.com'),
(1219, 'El usuario esta deshabilitado', '2021-02-28 09:43:10', 'failure', 'prueba@prueba2.com'),
(1220, 'Usuario ingreso al sistema sin problemas', '2021-02-28 09:43:10', 'success', 'admin@admin.com'),
(1221, 'Contraseña o usuario incorrectos', '2021-02-28 09:43:10', 'failure', 'test'),
(1222, 'Usuario ingreso al sistema sin problemas', '2021-02-28 09:43:10', 'success', 'owner@owner.com'),
(1223, 'El usuario esta deshabilitado', '2021-02-28 09:44:26', 'failure', 'prueba@prueba2.com'),
(1224, 'Usuario ingreso al sistema sin problemas', '2021-02-28 09:44:27', 'success', 'admin@admin.com'),
(1225, 'Contraseña o usuario incorrectos', '2021-02-28 09:44:27', 'failure', 'test'),
(1226, 'Usuario ingreso al sistema sin problemas', '2021-02-28 09:44:28', 'success', 'owner@owner.com'),
(1227, 'El usuario esta deshabilitado', '2021-02-28 09:45:58', 'failure', 'prueba@prueba2.com'),
(1228, 'Usuario ingreso al sistema sin problemas', '2021-02-28 09:45:59', 'success', 'admin@admin.com'),
(1229, 'Contraseña o usuario incorrectos', '2021-02-28 09:45:59', 'failure', 'test'),
(1230, 'Usuario ingreso al sistema sin problemas', '2021-02-28 09:45:59', 'success', 'owner@owner.com'),
(1231, 'Contraseña o usuario incorrectos', '2021-02-28 10:32:36', 'failure', 'admin@'),
(1232, 'Usuario ingreso al sistema sin problemas', '2021-02-28 10:32:41', 'success', 'admin@admin.com'),
(1233, 'Usuario ingreso al sistema sin problemas', '2021-02-28 10:35:25', 'success', 'admin@admin.com'),
(1234, 'El usuario esta deshabilitado', '2021-03-01 11:33:57', 'failure', 'prueba@prueba2.com'),
(1235, 'Usuario ingreso al sistema sin problemas', '2021-03-01 11:33:57', 'success', 'admin@admin.com'),
(1236, 'Contraseña o usuario incorrectos', '2021-03-01 11:33:57', 'failure', 'test'),
(1237, 'Usuario ingreso al sistema sin problemas', '2021-03-01 11:33:58', 'success', 'owner@owner.com'),
(1238, 'Usuario ingreso al sistema sin problemas', '2021-03-01 11:35:32', 'success', '12@12'),
(1239, 'Usuario ingreso al sistema sin problemas', '2021-03-01 11:58:09', 'success', '12@12'),
(1240, 'El usuario esta deshabilitado', '2021-03-02 12:22:42', 'failure', 'prueba@prueba2.com'),
(1241, 'Usuario ingreso al sistema sin problemas', '2021-03-02 12:22:42', 'success', 'admin@admin.com'),
(1242, 'Contraseña o usuario incorrectos', '2021-03-02 12:22:42', 'failure', 'test'),
(1243, 'Usuario ingreso al sistema sin problemas', '2021-03-02 12:22:42', 'success', 'owner@owner.com'),
(1244, 'Contraseña o usuario incorrectos', '2021-03-02 12:29:32', 'failure', '12@12'),
(1245, 'Contraseña o usuario incorrectos', '2021-03-02 12:29:40', 'failure', '12@12'),
(1246, 'Usuario ingreso al sistema sin problemas', '2021-03-02 12:29:44', 'success', '12@12'),
(1247, 'El usuario esta deshabilitado', '2021-03-02 12:41:18', 'failure', 'prueba@prueba2.com'),
(1248, 'Usuario ingreso al sistema sin problemas', '2021-03-02 12:41:18', 'success', 'admin@admin.com'),
(1249, 'Contraseña o usuario incorrectos', '2021-03-02 12:41:18', 'failure', 'test'),
(1250, 'Usuario ingreso al sistema sin problemas', '2021-03-02 12:41:18', 'success', 'owner@owner.com'),
(1251, 'El usuario esta deshabilitado', '2021-03-02 12:43:42', 'failure', 'prueba@prueba2.com'),
(1252, 'Usuario ingreso al sistema sin problemas', '2021-03-02 12:43:42', 'success', 'admin@admin.com'),
(1253, 'Contraseña o usuario incorrectos', '2021-03-02 12:43:42', 'failure', 'test'),
(1254, 'Usuario ingreso al sistema sin problemas', '2021-03-02 12:43:42', 'success', 'owner@owner.com'),
(1255, 'El usuario esta deshabilitado', '2021-03-02 12:48:54', 'failure', 'prueba@prueba2.com'),
(1256, 'Usuario ingreso al sistema sin problemas', '2021-03-02 12:48:55', 'success', 'admin@admin.com'),
(1257, 'Contraseña o usuario incorrectos', '2021-03-02 12:48:55', 'failure', 'test'),
(1258, 'Usuario ingreso al sistema sin problemas', '2021-03-02 12:48:55', 'success', 'owner@owner.com'),
(1259, 'El usuario esta deshabilitado', '2021-03-02 12:50:22', 'failure', 'prueba@prueba2.com'),
(1260, 'Usuario ingreso al sistema sin problemas', '2021-03-02 12:50:22', 'success', 'admin@admin.com'),
(1261, 'Contraseña o usuario incorrectos', '2021-03-02 12:50:22', 'failure', 'test'),
(1262, 'Usuario ingreso al sistema sin problemas', '2021-03-02 12:50:22', 'success', 'owner@owner.com'),
(1263, 'El usuario esta deshabilitado', '2021-03-02 12:51:41', 'failure', 'prueba@prueba2.com'),
(1264, 'Usuario ingreso al sistema sin problemas', '2021-03-02 12:51:42', 'success', 'admin@admin.com'),
(1265, 'Contraseña o usuario incorrectos', '2021-03-02 12:51:42', 'failure', 'test'),
(1266, 'Usuario ingreso al sistema sin problemas', '2021-03-02 12:51:42', 'success', 'owner@owner.com'),
(1267, 'El usuario esta deshabilitado', '2021-03-02 12:59:48', 'failure', 'prueba@prueba2.com'),
(1268, 'Usuario ingreso al sistema sin problemas', '2021-03-02 12:59:48', 'success', 'admin@admin.com'),
(1269, 'Contraseña o usuario incorrectos', '2021-03-02 12:59:49', 'failure', 'test'),
(1270, 'Usuario ingreso al sistema sin problemas', '2021-03-02 12:59:49', 'success', 'owner@owner.com'),
(1271, 'El usuario esta deshabilitado', '2021-03-02 22:08:54', 'failure', 'prueba@prueba2.com'),
(1272, 'Usuario ingreso al sistema sin problemas', '2021-03-02 22:08:54', 'success', 'admin@admin.com'),
(1273, 'Contraseña o usuario incorrectos', '2021-03-02 22:08:54', 'failure', 'test'),
(1274, 'Usuario ingreso al sistema sin problemas', '2021-03-02 22:08:54', 'success', 'owner@owner.com'),
(1275, 'El usuario esta deshabilitado', '2021-03-02 22:21:12', 'failure', 'prueba@prueba2.com'),
(1276, 'Usuario ingreso al sistema sin problemas', '2021-03-02 22:21:12', 'success', 'admin@admin.com'),
(1277, 'Contraseña o usuario incorrectos', '2021-03-02 22:21:12', 'failure', 'test'),
(1278, 'Usuario ingreso al sistema sin problemas', '2021-03-02 22:21:12', 'success', 'owner@owner.com'),
(1279, 'Usuario ingreso al sistema sin problemas', '2021-03-02 22:22:01', 'success', '12@12'),
(1280, 'El usuario esta deshabilitado', '2021-03-02 22:24:44', 'failure', 'prueba@prueba2.com'),
(1281, 'Usuario ingreso al sistema sin problemas', '2021-03-02 22:24:44', 'success', 'admin@admin.com'),
(1282, 'Contraseña o usuario incorrectos', '2021-03-02 22:24:44', 'failure', 'test'),
(1283, 'Usuario ingreso al sistema sin problemas', '2021-03-02 22:24:44', 'success', 'owner@owner.com'),
(1284, 'El usuario esta deshabilitado', '2021-03-02 22:30:35', 'failure', 'prueba@prueba2.com'),
(1285, 'Usuario ingreso al sistema sin problemas', '2021-03-02 22:30:35', 'success', 'admin@admin.com'),
(1286, 'Contraseña o usuario incorrectos', '2021-03-02 22:30:35', 'failure', 'test'),
(1287, 'Usuario ingreso al sistema sin problemas', '2021-03-02 22:30:35', 'success', 'owner@owner.com'),
(1288, 'El usuario esta deshabilitado', '2021-03-02 22:32:58', 'failure', 'prueba@prueba2.com'),
(1289, 'Usuario ingreso al sistema sin problemas', '2021-03-02 22:32:59', 'success', 'admin@admin.com'),
(1290, 'Contraseña o usuario incorrectos', '2021-03-02 22:32:59', 'failure', 'test'),
(1291, 'Usuario ingreso al sistema sin problemas', '2021-03-02 22:32:59', 'success', 'owner@owner.com'),
(1292, 'El usuario esta deshabilitado', '2021-03-02 22:39:31', 'failure', 'prueba@prueba2.com'),
(1293, 'Usuario ingreso al sistema sin problemas', '2021-03-02 22:39:31', 'success', 'admin@admin.com'),
(1294, 'Contraseña o usuario incorrectos', '2021-03-02 22:39:31', 'failure', 'test'),
(1295, 'Usuario ingreso al sistema sin problemas', '2021-03-02 22:39:31', 'success', 'owner@owner.com'),
(1296, 'El usuario esta deshabilitado', '2021-03-02 22:41:37', 'failure', 'prueba@prueba2.com'),
(1297, 'Usuario ingreso al sistema sin problemas', '2021-03-02 22:41:37', 'success', 'admin@admin.com'),
(1298, 'Contraseña o usuario incorrectos', '2021-03-02 22:41:37', 'failure', 'test'),
(1299, 'Usuario ingreso al sistema sin problemas', '2021-03-02 22:41:37', 'success', 'owner@owner.com'),
(1300, 'El usuario esta deshabilitado', '2021-03-02 23:36:29', 'failure', 'prueba@prueba2.com'),
(1301, 'Usuario ingreso al sistema sin problemas', '2021-03-02 23:36:29', 'success', 'admin@admin.com'),
(1302, 'Contraseña o usuario incorrectos', '2021-03-02 23:36:29', 'failure', 'test'),
(1303, 'Usuario ingreso al sistema sin problemas', '2021-03-02 23:36:29', 'success', 'owner@owner.com'),
(1304, 'El usuario esta deshabilitado', '2021-03-02 23:39:52', 'failure', 'prueba@prueba2.com'),
(1305, 'Usuario ingreso al sistema sin problemas', '2021-03-02 23:39:52', 'success', 'admin@admin.com'),
(1306, 'Contraseña o usuario incorrectos', '2021-03-02 23:39:52', 'failure', 'test'),
(1307, 'Usuario ingreso al sistema sin problemas', '2021-03-02 23:39:52', 'success', 'owner@owner.com'),
(1308, 'Usuario ingreso al sistema sin problemas', '2021-03-02 23:42:02', 'success', '12@12'),
(1309, 'El usuario esta deshabilitado', '2021-03-02 23:46:37', 'failure', 'prueba@prueba2.com'),
(1310, 'Usuario ingreso al sistema sin problemas', '2021-03-02 23:46:37', 'success', 'admin@admin.com'),
(1311, 'Contraseña o usuario incorrectos', '2021-03-02 23:46:37', 'failure', 'test'),
(1312, 'Usuario ingreso al sistema sin problemas', '2021-03-02 23:46:37', 'success', 'owner@owner.com'),
(1313, 'Usuario ingreso al sistema sin problemas', '2021-03-03 01:28:58', 'success', '12@12'),
(1314, 'El usuario esta deshabilitado', '2021-03-03 01:47:21', 'failure', 'prueba@prueba2.com'),
(1315, 'Usuario ingreso al sistema sin problemas', '2021-03-03 01:47:21', 'success', 'admin@admin.com'),
(1316, 'Contraseña o usuario incorrectos', '2021-03-03 01:47:21', 'failure', 'test'),
(1317, 'Usuario ingreso al sistema sin problemas', '2021-03-03 01:47:21', 'success', 'owner@owner.com'),
(1318, 'El usuario esta deshabilitado', '2021-03-03 01:50:42', 'failure', 'prueba@prueba2.com'),
(1319, 'Usuario ingreso al sistema sin problemas', '2021-03-03 01:50:42', 'success', 'admin@admin.com'),
(1320, 'Contraseña o usuario incorrectos', '2021-03-03 01:50:42', 'failure', 'test'),
(1321, 'Usuario ingreso al sistema sin problemas', '2021-03-03 01:50:42', 'success', 'owner@owner.com'),
(1322, 'El usuario esta deshabilitado', '2021-03-03 01:53:24', 'failure', 'prueba@prueba2.com'),
(1323, 'Usuario ingreso al sistema sin problemas', '2021-03-03 01:53:24', 'success', 'admin@admin.com'),
(1324, 'Contraseña o usuario incorrectos', '2021-03-03 01:53:24', 'failure', 'test'),
(1325, 'Usuario ingreso al sistema sin problemas', '2021-03-03 01:53:25', 'success', 'owner@owner.com'),
(1326, 'El usuario esta deshabilitado', '2021-03-03 01:55:49', 'failure', 'prueba@prueba2.com'),
(1327, 'Usuario ingreso al sistema sin problemas', '2021-03-03 01:55:49', 'success', 'admin@admin.com'),
(1328, 'Contraseña o usuario incorrectos', '2021-03-03 01:55:49', 'failure', 'test'),
(1329, 'Usuario ingreso al sistema sin problemas', '2021-03-03 01:55:49', 'success', 'owner@owner.com'),
(1330, 'El usuario esta deshabilitado', '2021-03-03 01:58:15', 'failure', 'prueba@prueba2.com'),
(1331, 'Usuario ingreso al sistema sin problemas', '2021-03-03 01:58:15', 'success', 'admin@admin.com'),
(1332, 'Contraseña o usuario incorrectos', '2021-03-03 01:58:15', 'failure', 'test'),
(1333, 'Usuario ingreso al sistema sin problemas', '2021-03-03 01:58:17', 'success', 'owner@owner.com'),
(1334, 'Usuario ingreso al sistema sin problemas', '2021-03-03 02:11:09', 'success', '12@12'),
(1335, 'Usuario ingreso al sistema sin problemas', '2021-03-03 02:14:03', 'success', 'admin@admin.com'),
(1336, 'Usuario ingreso al sistema sin problemas', '2021-03-03 02:18:52', 'success', '12@12'),
(1337, 'Usuario ingreso al sistema sin problemas', '2021-03-03 02:32:14', 'success', 'admin@admin.com'),
(1338, 'Usuario ingreso al sistema sin problemas', '2021-03-03 02:32:54', 'success', '12@12'),
(1339, 'Usuario ingreso al sistema sin problemas', '2021-03-03 02:35:14', 'success', 'admin@admin.com'),
(1340, 'Usuario ingreso al sistema sin problemas', '2021-03-03 02:35:33', 'success', '12@12'),
(1341, 'Usuario ingreso al sistema sin problemas', '2021-03-03 02:41:34', 'success', 'admin@admin.com'),
(1342, 'Usuario ingreso al sistema sin problemas', '2021-03-03 02:41:53', 'success', '12@12'),
(1343, 'El usuario esta deshabilitado', '2021-03-03 02:59:49', 'failure', 'prueba@prueba2.com'),
(1344, 'Usuario ingreso al sistema sin problemas', '2021-03-03 02:59:49', 'success', 'admin@admin.com'),
(1345, 'Contraseña o usuario incorrectos', '2021-03-03 02:59:49', 'failure', 'test'),
(1346, 'Usuario ingreso al sistema sin problemas', '2021-03-03 02:59:49', 'success', 'owner@owner.com'),
(1347, 'El usuario esta deshabilitado', '2021-03-03 05:15:19', 'failure', 'prueba@prueba2.com'),
(1348, 'Usuario ingreso al sistema sin problemas', '2021-03-03 05:15:19', 'success', 'admin@admin.com'),
(1349, 'Contraseña o usuario incorrectos', '2021-03-03 05:15:20', 'failure', 'test'),
(1350, 'Usuario ingreso al sistema sin problemas', '2021-03-03 05:15:20', 'success', 'owner@owner.com'),
(1351, 'Usuario ingreso al sistema sin problemas', '2021-03-03 05:17:59', 'success', '12@12'),
(1352, 'El usuario esta deshabilitado', '2021-03-03 05:20:17', 'failure', 'prueba@prueba2.com'),
(1353, 'Usuario ingreso al sistema sin problemas', '2021-03-03 05:20:17', 'success', 'admin@admin.com'),
(1354, 'Contraseña o usuario incorrectos', '2021-03-03 05:20:17', 'failure', 'test'),
(1355, 'Usuario ingreso al sistema sin problemas', '2021-03-03 05:20:17', 'success', 'owner@owner.com'),
(1356, 'El usuario esta deshabilitado', '2021-03-03 05:23:28', 'failure', 'prueba@prueba2.com'),
(1357, 'Usuario ingreso al sistema sin problemas', '2021-03-03 05:23:28', 'success', 'admin@admin.com'),
(1358, 'Contraseña o usuario incorrectos', '2021-03-03 05:23:29', 'failure', 'test'),
(1359, 'Usuario ingreso al sistema sin problemas', '2021-03-03 05:23:29', 'success', 'owner@owner.com'),
(1360, 'El usuario esta deshabilitado', '2021-03-03 05:26:09', 'failure', 'prueba@prueba2.com'),
(1361, 'Usuario ingreso al sistema sin problemas', '2021-03-03 05:26:09', 'success', 'admin@admin.com'),
(1362, 'Contraseña o usuario incorrectos', '2021-03-03 05:26:09', 'failure', 'test'),
(1363, 'Usuario ingreso al sistema sin problemas', '2021-03-03 05:26:09', 'success', 'owner@owner.com'),
(1364, 'El usuario esta deshabilitado', '2021-03-03 05:29:30', 'failure', 'prueba@prueba2.com'),
(1365, 'Usuario ingreso al sistema sin problemas', '2021-03-03 05:29:30', 'success', 'admin@admin.com'),
(1366, 'Contraseña o usuario incorrectos', '2021-03-03 05:29:30', 'failure', 'test'),
(1367, 'Usuario ingreso al sistema sin problemas', '2021-03-03 05:29:31', 'success', 'owner@owner.com'),
(1368, 'El usuario esta deshabilitado', '2021-03-03 05:32:00', 'failure', 'prueba@prueba2.com'),
(1369, 'Usuario ingreso al sistema sin problemas', '2021-03-03 05:32:00', 'success', 'admin@admin.com'),
(1370, 'Contraseña o usuario incorrectos', '2021-03-03 05:32:00', 'failure', 'test'),
(1371, 'Usuario ingreso al sistema sin problemas', '2021-03-03 05:32:01', 'success', 'owner@owner.com'),
(1372, 'El usuario esta deshabilitado', '2021-03-03 05:35:42', 'failure', 'prueba@prueba2.com'),
(1373, 'Usuario ingreso al sistema sin problemas', '2021-03-03 05:35:42', 'success', 'admin@admin.com'),
(1374, 'Contraseña o usuario incorrectos', '2021-03-03 05:35:42', 'failure', 'test'),
(1375, 'Usuario ingreso al sistema sin problemas', '2021-03-03 05:35:42', 'success', 'owner@owner.com'),
(1376, 'El usuario esta deshabilitado', '2021-03-03 05:38:13', 'failure', 'prueba@prueba2.com'),
(1377, 'Usuario ingreso al sistema sin problemas', '2021-03-03 05:38:14', 'success', 'admin@admin.com'),
(1378, 'Contraseña o usuario incorrectos', '2021-03-03 05:38:14', 'failure', 'test'),
(1379, 'Usuario ingreso al sistema sin problemas', '2021-03-03 05:38:14', 'success', 'owner@owner.com'),
(1380, 'El usuario esta deshabilitado', '2021-03-03 05:40:42', 'failure', 'prueba@prueba2.com'),
(1381, 'Usuario ingreso al sistema sin problemas', '2021-03-03 05:40:42', 'success', 'admin@admin.com'),
(1382, 'Contraseña o usuario incorrectos', '2021-03-03 05:40:42', 'failure', 'test'),
(1383, 'Usuario ingreso al sistema sin problemas', '2021-03-03 05:40:42', 'success', 'owner@owner.com'),
(1384, 'El usuario esta deshabilitado', '2021-03-03 05:43:37', 'failure', 'prueba@prueba2.com'),
(1385, 'Usuario ingreso al sistema sin problemas', '2021-03-03 05:43:37', 'success', 'admin@admin.com'),
(1386, 'Contraseña o usuario incorrectos', '2021-03-03 05:43:37', 'failure', 'test'),
(1387, 'Usuario ingreso al sistema sin problemas', '2021-03-03 05:43:37', 'success', 'owner@owner.com'),
(1388, 'El usuario esta deshabilitado', '2021-03-03 05:45:56', 'failure', 'prueba@prueba2.com'),
(1389, 'Usuario ingreso al sistema sin problemas', '2021-03-03 05:45:56', 'success', 'admin@admin.com'),
(1390, 'Contraseña o usuario incorrectos', '2021-03-03 05:45:56', 'failure', 'test'),
(1391, 'Usuario ingreso al sistema sin problemas', '2021-03-03 05:45:56', 'success', 'owner@owner.com'),
(1392, 'El usuario esta deshabilitado', '2021-03-03 05:47:43', 'failure', 'prueba@prueba2.com'),
(1393, 'Usuario ingreso al sistema sin problemas', '2021-03-03 05:47:43', 'success', 'admin@admin.com'),
(1394, 'Contraseña o usuario incorrectos', '2021-03-03 05:47:43', 'failure', 'test'),
(1395, 'Usuario ingreso al sistema sin problemas', '2021-03-03 05:47:44', 'success', 'owner@owner.com'),
(1396, 'El usuario esta deshabilitado', '2021-03-03 05:49:33', 'failure', 'prueba@prueba2.com'),
(1397, 'Usuario ingreso al sistema sin problemas', '2021-03-03 05:49:34', 'success', 'admin@admin.com'),
(1398, 'Contraseña o usuario incorrectos', '2021-03-03 05:49:34', 'failure', 'test'),
(1399, 'Usuario ingreso al sistema sin problemas', '2021-03-03 05:49:34', 'success', 'owner@owner.com'),
(1400, 'El usuario esta deshabilitado', '2021-03-03 05:56:22', 'failure', 'prueba@prueba2.com'),
(1401, 'Usuario ingreso al sistema sin problemas', '2021-03-03 05:56:22', 'success', 'admin@admin.com'),
(1402, 'Contraseña o usuario incorrectos', '2021-03-03 05:56:22', 'failure', 'test'),
(1403, 'Usuario ingreso al sistema sin problemas', '2021-03-03 05:56:22', 'success', 'owner@owner.com'),
(1404, 'El usuario esta deshabilitado', '2021-03-03 05:59:47', 'failure', 'prueba@prueba2.com'),
(1405, 'Usuario ingreso al sistema sin problemas', '2021-03-03 05:59:47', 'success', 'admin@admin.com'),
(1406, 'Contraseña o usuario incorrectos', '2021-03-03 05:59:47', 'failure', 'test'),
(1407, 'Usuario ingreso al sistema sin problemas', '2021-03-03 05:59:48', 'success', 'owner@owner.com'),
(1408, 'El usuario esta deshabilitado', '2021-03-03 06:01:42', 'failure', 'prueba@prueba2.com'),
(1409, 'Usuario ingreso al sistema sin problemas', '2021-03-03 06:01:42', 'success', 'admin@admin.com'),
(1410, 'Contraseña o usuario incorrectos', '2021-03-03 06:01:43', 'failure', 'test'),
(1411, 'Usuario ingreso al sistema sin problemas', '2021-03-03 06:01:43', 'success', 'owner@owner.com'),
(1412, 'El usuario esta deshabilitado', '2021-03-03 06:04:51', 'failure', 'prueba@prueba2.com'),
(1413, 'Usuario ingreso al sistema sin problemas', '2021-03-03 06:04:52', 'success', 'admin@admin.com'),
(1414, 'Contraseña o usuario incorrectos', '2021-03-03 06:04:52', 'failure', 'test'),
(1415, 'Usuario ingreso al sistema sin problemas', '2021-03-03 06:04:52', 'success', 'owner@owner.com'),
(1416, 'El usuario esta deshabilitado', '2021-03-03 06:11:29', 'failure', 'prueba@prueba2.com'),
(1417, 'Usuario ingreso al sistema sin problemas', '2021-03-03 06:11:30', 'success', 'admin@admin.com'),
(1418, 'Contraseña o usuario incorrectos', '2021-03-03 06:11:30', 'failure', 'test'),
(1419, 'Usuario ingreso al sistema sin problemas', '2021-03-03 06:11:30', 'success', 'owner@owner.com'),
(1420, 'El usuario esta deshabilitado', '2021-03-03 06:17:42', 'failure', 'prueba@prueba2.com'),
(1421, 'Usuario ingreso al sistema sin problemas', '2021-03-03 06:17:42', 'success', 'admin@admin.com'),
(1422, 'Contraseña o usuario incorrectos', '2021-03-03 06:17:42', 'failure', 'test'),
(1423, 'Usuario ingreso al sistema sin problemas', '2021-03-03 06:17:42', 'success', 'owner@owner.com'),
(1424, 'El usuario esta deshabilitado', '2021-03-03 06:30:50', 'failure', 'prueba@prueba2.com'),
(1425, 'Usuario ingreso al sistema sin problemas', '2021-03-03 06:30:51', 'success', 'admin@admin.com'),
(1426, 'Contraseña o usuario incorrectos', '2021-03-03 06:30:51', 'failure', 'test'),
(1427, 'Usuario ingreso al sistema sin problemas', '2021-03-03 06:30:51', 'success', 'owner@owner.com'),
(1428, 'El usuario esta deshabilitado', '2021-03-03 06:34:19', 'failure', 'prueba@prueba2.com'),
(1429, 'Usuario ingreso al sistema sin problemas', '2021-03-03 06:34:19', 'success', 'admin@admin.com'),
(1430, 'Contraseña o usuario incorrectos', '2021-03-03 06:34:19', 'failure', 'test'),
(1431, 'Usuario ingreso al sistema sin problemas', '2021-03-03 06:34:19', 'success', 'owner@owner.com'),
(1432, 'Contraseña o usuario incorrectos', '2021-03-06 01:14:19', 'failure', '12@12'),
(1433, 'Usuario ingreso al sistema sin problemas', '2021-03-06 01:14:34', 'success', '12@12'),
(1434, 'Usuario ingreso al sistema sin problemas', '2021-03-06 01:26:22', 'success', '12@12'),
(1435, 'Contraseña o usuario incorrectos', '2021-03-09 02:40:28', 'failure', 'admin@'),
(1436, 'Usuario ingreso al sistema sin problemas', '2021-03-09 02:40:32', 'success', 'admin@admin.com'),
(1437, 'Usuario ingreso al sistema sin problemas', '2021-03-09 03:06:52', 'success', '12@12'),
(1438, 'El usuario esta deshabilitado', '2021-03-09 03:46:50', 'failure', 'prueba@prueba2.com'),
(1439, 'Usuario ingreso al sistema sin problemas', '2021-03-09 03:46:51', 'success', 'admin@admin.com'),
(1440, 'Contraseña o usuario incorrectos', '2021-03-09 03:46:52', 'failure', 'test'),
(1441, 'Usuario ingreso al sistema sin problemas', '2021-03-09 03:46:52', 'success', 'owner@owner.com'),
(1442, 'El usuario esta deshabilitado', '2021-03-09 03:51:14', 'failure', 'prueba@prueba2.com'),
(1443, 'Usuario ingreso al sistema sin problemas', '2021-03-09 03:51:16', 'success', 'admin@admin.com'),
(1444, 'Contraseña o usuario incorrectos', '2021-03-09 03:51:16', 'failure', 'test'),
(1445, 'Usuario ingreso al sistema sin problemas', '2021-03-09 03:51:16', 'success', 'owner@owner.com'),
(1446, 'Usuario ingreso al sistema sin problemas', '2021-03-09 03:51:46', 'success', '12@12'),
(1447, 'El usuario esta deshabilitado', '2021-03-09 03:53:22', 'failure', 'prueba@prueba2.com'),
(1448, 'Usuario ingreso al sistema sin problemas', '2021-03-09 03:53:23', 'success', 'admin@admin.com'),
(1449, 'Contraseña o usuario incorrectos', '2021-03-09 03:53:23', 'failure', 'test'),
(1450, 'Usuario ingreso al sistema sin problemas', '2021-03-09 03:53:23', 'success', 'owner@owner.com'),
(1451, 'El usuario esta deshabilitado', '2021-03-09 03:55:00', 'failure', 'prueba@prueba2.com'),
(1452, 'Usuario ingreso al sistema sin problemas', '2021-03-09 03:55:00', 'success', 'admin@admin.com'),
(1453, 'Contraseña o usuario incorrectos', '2021-03-09 03:55:00', 'failure', 'test'),
(1454, 'Usuario ingreso al sistema sin problemas', '2021-03-09 03:55:00', 'success', 'owner@owner.com'),
(1455, 'El usuario esta deshabilitado', '2021-03-12 13:21:58', 'failure', 'prueba@prueba2.com'),
(1456, 'Usuario ingreso al sistema sin problemas', '2021-03-12 13:21:59', 'success', 'admin@admin.com'),
(1457, 'Contraseña o usuario incorrectos', '2021-03-12 13:21:59', 'failure', 'test'),
(1458, 'Usuario ingreso al sistema sin problemas', '2021-03-12 13:21:59', 'success', 'owner@owner.com'),
(1459, 'Usuario ingreso al sistema sin problemas', '2021-03-12 13:26:12', 'success', 'admin@admin.com'),
(1460, 'Usuario ingreso al sistema sin problemas', '2021-03-12 13:26:51', 'success', '12@12'),
(1461, 'Usuario ingreso al sistema sin problemas', '2021-03-12 13:27:12', 'success', 'admin@admin.com'),
(1462, 'El usuario esta deshabilitado', '2021-03-12 20:15:27', 'failure', 'prueba@prueba2.com'),
(1463, 'Usuario ingreso al sistema sin problemas', '2021-03-12 20:15:27', 'success', 'admin@admin.com'),
(1464, 'Contraseña o usuario incorrectos', '2021-03-12 20:15:27', 'failure', 'test'),
(1465, 'Usuario ingreso al sistema sin problemas', '2021-03-12 20:15:27', 'success', 'owner@owner.com'),
(1466, 'Usuario ingreso al sistema sin problemas', '2021-03-12 20:16:42', 'success', '12@12'),
(1467, 'Usuario ingreso al sistema sin problemas', '2021-03-12 20:35:15', 'success', 'admin@admin.com'),
(1468, 'El usuario esta deshabilitado', '2021-03-12 20:55:10', 'failure', 'admin@admin4'),
(1469, 'Usuario ingreso al sistema sin problemas', '2021-03-12 20:55:15', 'success', 'admin@admin.com'),
(1470, 'Usuario ingreso al sistema sin problemas', '2021-03-12 21:20:33', 'success', 'admin@admin.com'),
(1471, 'Usuario ingreso al sistema sin problemas', '2021-03-12 21:21:41', 'success', '12@12'),
(1472, 'El usuario esta deshabilitado', '2021-03-13 00:10:28', 'failure', 'prueba@prueba2.com'),
(1473, 'Usuario ingreso al sistema sin problemas', '2021-03-13 00:10:28', 'success', 'admin@admin.com'),
(1474, 'Contraseña o usuario incorrectos', '2021-03-13 00:10:28', 'failure', 'test'),
(1475, 'Usuario ingreso al sistema sin problemas', '2021-03-13 00:10:29', 'success', 'owner@owner.com'),
(1476, 'Usuario ingreso al sistema sin problemas', '2021-03-13 00:11:41', 'success', 'admin@admin.com'),
(1477, 'Usuario ingreso al sistema sin problemas', '2021-03-13 00:21:16', 'success', '12@12'),
(1478, 'Usuario ingreso al sistema sin problemas', '2021-03-13 00:31:56', 'success', 'admin@admin.com'),
(1479, 'Usuario ingreso al sistema sin problemas', '2021-03-13 01:12:34', 'success', 'admin@admin.com'),
(1480, 'Usuario ingreso al sistema sin problemas', '2021-03-13 01:15:22', 'success', 'admin@admin.com'),
(1481, 'Usuario ingreso al sistema sin problemas', '2021-03-13 01:16:25', 'success', 'admin@admin.com'),
(1482, 'Usuario ingreso al sistema sin problemas', '2021-03-13 01:16:32', 'success', '12@12'),
(1483, 'Usuario ingreso al sistema sin problemas', '2021-03-13 01:18:49', 'success', 'admin@admin.com'),
(1484, 'Usuario ingreso al sistema sin problemas', '2021-03-13 01:19:29', 'success', '12@12'),
(1485, 'Contraseña o usuario incorrectos', '2021-03-13 01:19:41', 'failure', 'admin@admin.com'),
(1486, 'Contraseña o usuario incorrectos', '2021-03-13 01:19:47', 'failure', 'admin@admin.com'),
(1487, 'Usuario ingreso al sistema sin problemas', '2021-03-13 01:19:53', 'success', 'admin@admin.com'),
(1488, 'El usuario esta deshabilitado', '2021-03-13 07:40:01', 'failure', 'prueba@prueba2.com'),
(1489, 'Usuario ingreso al sistema sin problemas', '2021-03-13 07:40:01', 'success', 'admin@admin.com'),
(1490, 'Contraseña o usuario incorrectos', '2021-03-13 07:40:01', 'failure', 'test'),
(1491, 'Usuario ingreso al sistema sin problemas', '2021-03-13 07:40:01', 'success', 'owner@owner.com'),
(1492, 'Usuario ingreso al sistema sin problemas', '2021-03-13 07:42:44', 'success', 'admin@admin.com'),
(1493, 'Contraseña o usuario incorrectos', '2021-03-13 07:43:39', 'failure', '12@12'),
(1494, 'Usuario ingreso al sistema sin problemas', '2021-03-13 07:43:46', 'success', '12@12'),
(1495, 'Usuario ingreso al sistema sin problemas', '2021-03-13 07:44:56', 'success', 'admin@admin.com'),
(1496, 'El usuario esta deshabilitado', '2021-03-13 08:54:31', 'failure', 'prueba@prueba2.com'),
(1497, 'Usuario ingreso al sistema sin problemas', '2021-03-13 08:54:32', 'success', 'admin@admin.com'),
(1498, 'Contraseña o usuario incorrectos', '2021-03-13 08:54:32', 'failure', 'test'),
(1499, 'Usuario ingreso al sistema sin problemas', '2021-03-13 08:54:32', 'success', 'owner@owner.com'),
(1500, 'Usuario ingreso al sistema sin problemas', '2021-03-13 08:56:54', 'success', '12@12'),
(1501, 'El usuario esta deshabilitado', '2021-03-13 08:58:58', 'failure', 'prueba@prueba2.com'),
(1502, 'Usuario ingreso al sistema sin problemas', '2021-03-13 08:58:58', 'success', 'admin@admin.com'),
(1503, 'Contraseña o usuario incorrectos', '2021-03-13 08:58:58', 'failure', 'test'),
(1504, 'Usuario ingreso al sistema sin problemas', '2021-03-13 08:58:58', 'success', 'owner@owner.com'),
(1505, 'El usuario esta deshabilitado', '2021-03-13 09:02:07', 'failure', 'prueba@prueba2.com'),
(1506, 'Usuario ingreso al sistema sin problemas', '2021-03-13 09:02:07', 'success', 'admin@admin.com'),
(1507, 'Contraseña o usuario incorrectos', '2021-03-13 09:02:07', 'failure', 'test'),
(1508, 'Usuario ingreso al sistema sin problemas', '2021-03-13 09:02:08', 'success', 'owner@owner.com'),
(1509, 'El usuario esta deshabilitado', '2021-03-13 09:05:49', 'failure', 'prueba@prueba2.com'),
(1510, 'Usuario ingreso al sistema sin problemas', '2021-03-13 09:05:50', 'success', 'admin@admin.com'),
(1511, 'Contraseña o usuario incorrectos', '2021-03-13 09:05:50', 'failure', 'test'),
(1512, 'Usuario ingreso al sistema sin problemas', '2021-03-13 09:05:50', 'success', 'owner@owner.com'),
(1513, 'El usuario esta deshabilitado', '2021-03-13 09:07:56', 'failure', 'prueba@prueba2.com'),
(1514, 'Usuario ingreso al sistema sin problemas', '2021-03-13 09:07:56', 'success', 'admin@admin.com'),
(1515, 'Contraseña o usuario incorrectos', '2021-03-13 09:07:56', 'failure', 'test'),
(1516, 'Usuario ingreso al sistema sin problemas', '2021-03-13 09:07:56', 'success', 'owner@owner.com'),
(1517, 'Usuario ingreso al sistema sin problemas', '2021-03-13 09:09:01', 'success', 'admin@admin.com'),
(1518, 'Usuario ingreso al sistema sin problemas', '2021-03-13 09:09:45', 'success', '12@12'),
(1519, 'El usuario esta deshabilitado', '2021-03-13 09:11:21', 'failure', 'prueba@prueba2.com'),
(1520, 'Usuario ingreso al sistema sin problemas', '2021-03-13 09:11:21', 'success', 'admin@admin.com'),
(1521, 'Contraseña o usuario incorrectos', '2021-03-13 09:11:21', 'failure', 'test'),
(1522, 'Usuario ingreso al sistema sin problemas', '2021-03-13 09:11:21', 'success', 'owner@owner.com'),
(1523, 'El usuario esta deshabilitado', '2021-03-13 09:12:31', 'failure', 'prueba@prueba2.com'),
(1524, 'Usuario ingreso al sistema sin problemas', '2021-03-13 09:12:32', 'success', 'admin@admin.com'),
(1525, 'Contraseña o usuario incorrectos', '2021-03-13 09:12:32', 'failure', 'test'),
(1526, 'Usuario ingreso al sistema sin problemas', '2021-03-13 09:12:32', 'success', 'owner@owner.com'),
(1527, 'El usuario esta deshabilitado', '2021-03-13 09:14:26', 'failure', 'prueba@prueba2.com'),
(1528, 'Usuario ingreso al sistema sin problemas', '2021-03-13 09:14:27', 'success', 'admin@admin.com'),
(1529, 'Contraseña o usuario incorrectos', '2021-03-13 09:14:27', 'failure', 'test'),
(1530, 'Usuario ingreso al sistema sin problemas', '2021-03-13 09:14:27', 'success', 'owner@owner.com'),
(1531, 'El usuario esta deshabilitado', '2021-03-13 09:16:53', 'failure', 'prueba@prueba2.com'),
(1532, 'Usuario ingreso al sistema sin problemas', '2021-03-13 09:16:53', 'success', 'admin@admin.com'),
(1533, 'Contraseña o usuario incorrectos', '2021-03-13 09:16:53', 'failure', 'test'),
(1534, 'Usuario ingreso al sistema sin problemas', '2021-03-13 09:16:53', 'success', 'owner@owner.com'),
(1535, 'El usuario esta deshabilitado', '2021-03-13 09:18:42', 'failure', 'prueba@prueba2.com'),
(1536, 'Usuario ingreso al sistema sin problemas', '2021-03-13 09:18:43', 'success', 'admin@admin.com'),
(1537, 'Contraseña o usuario incorrectos', '2021-03-13 09:18:43', 'failure', 'test'),
(1538, 'Usuario ingreso al sistema sin problemas', '2021-03-13 09:18:43', 'success', 'owner@owner.com'),
(1539, 'El usuario esta deshabilitado', '2021-03-13 09:20:49', 'failure', 'prueba@prueba2.com'),
(1540, 'Usuario ingreso al sistema sin problemas', '2021-03-13 09:20:49', 'success', 'admin@admin.com'),
(1541, 'Contraseña o usuario incorrectos', '2021-03-13 09:20:49', 'failure', 'test'),
(1542, 'Usuario ingreso al sistema sin problemas', '2021-03-13 09:20:49', 'success', 'owner@owner.com'),
(1543, 'Usuario ingreso al sistema sin problemas', '2021-03-13 09:21:40', 'success', 'admin@admin.com'),
(1544, 'Usuario ingreso al sistema sin problemas', '2021-03-13 09:22:40', 'success', '12@12'),
(1545, 'El usuario esta deshabilitado', '2021-03-13 09:23:56', 'failure', 'prueba@prueba2.com'),
(1546, 'Usuario ingreso al sistema sin problemas', '2021-03-13 09:23:56', 'success', 'admin@admin.com'),
(1547, 'Contraseña o usuario incorrectos', '2021-03-13 09:23:56', 'failure', 'test'),
(1548, 'Usuario ingreso al sistema sin problemas', '2021-03-13 09:23:56', 'success', 'owner@owner.com'),
(1549, 'Usuario ingreso al sistema sin problemas', '2021-03-13 09:24:36', 'success', 'admin@admin.com'),
(1550, 'Usuario ingreso al sistema sin problemas', '2021-03-13 09:25:47', 'success', '12@12'),
(1551, 'El usuario esta deshabilitado', '2021-03-13 09:26:53', 'failure', 'prueba@prueba2.com'),
(1552, 'Usuario ingreso al sistema sin problemas', '2021-03-13 09:26:53', 'success', 'admin@admin.com'),
(1553, 'Contraseña o usuario incorrectos', '2021-03-13 09:26:53', 'failure', 'test'),
(1554, 'Usuario ingreso al sistema sin problemas', '2021-03-13 09:26:53', 'success', 'owner@owner.com'),
(1555, 'Usuario ingreso al sistema sin problemas', '2021-03-13 09:27:33', 'success', 'admin@admin.com');

-- --------------------------------------------------------

--
-- Estructura de tabla para la tabla `role`
--

CREATE TABLE `role` (
  `id` int(11) NOT NULL,
  `name` varchar(50) NOT NULL
) ENGINE=MyISAM DEFAULT CHARSET=utf8;

--
-- Volcado de datos para la tabla `role`
--

INSERT INTO `role` (`id`, `name`) VALUES
(1, 'ROLE_ADMIN'),
(2, 'ROLE_OWNER');

-- --------------------------------------------------------

--
-- Estructura de tabla para la tabla `roles_privileges`
--

CREATE TABLE `roles_privileges` (
  `id` int(11) NOT NULL,
  `role_id` int(11) NOT NULL,
  `privilege_id` int(11) NOT NULL
) ENGINE=MyISAM DEFAULT CHARSET=utf8;

--
-- Volcado de datos para la tabla `roles_privileges`
--

INSERT INTO `roles_privileges` (`id`, `role_id`, `privilege_id`) VALUES
(1, 1, 1),
(2, 2, 2);

-- --------------------------------------------------------

--
-- Estructura de tabla para la tabla `specialties`
--

CREATE TABLE `specialties` (
  `id` int(4) UNSIGNED NOT NULL,
  `name` varchar(80) DEFAULT NULL
) ENGINE=InnoDB DEFAULT CHARSET=utf8;

--
-- Volcado de datos para la tabla `specialties`
--

INSERT INTO `specialties` (`id`, `name`) VALUES
(3, 'dentistry'),
(1, 'radiology'),
(2, 'surgery');

-- --------------------------------------------------------

--
-- Estructura de tabla para la tabla `types`
--

CREATE TABLE `types` (
  `id` int(4) UNSIGNED NOT NULL,
  `name` varchar(80) DEFAULT NULL
) ENGINE=InnoDB DEFAULT CHARSET=utf8;

--
-- Volcado de datos para la tabla `types`
--

INSERT INTO `types` (`id`, `name`) VALUES
(5, 'bird'),
(1, 'cat'),
(2, 'dog'),
(6, 'hamster'),
(3, 'lizard'),
(4, 'snake');

-- --------------------------------------------------------

--
-- Estructura de tabla para la tabla `users`
--

CREATE TABLE `users` (
  `id` int(11) NOT NULL,
  `first_name` varchar(255) DEFAULT NULL,
  `last_name` varchar(255) DEFAULT NULL,
  `active` varchar(255) DEFAULT NULL,
  `email` varchar(255) DEFAULT NULL,
  `password` varchar(255) DEFAULT NULL,
  `telephone` varchar(255) NOT NULL,
  `zipcode` varchar(10) DEFAULT NULL,
  `city` varchar(255) NOT NULL
) ENGINE=MyISAM DEFAULT CHARSET=utf8;

--
-- Volcado de datos para la tabla `users`
--

INSERT INTO `users` (`id`, `first_name`, `last_name`, `active`, `email`, `password`, `telephone`, `zipcode`, `city`) VALUES
(1, 'admin', 'admin', '1', 'admin@admin.com', '{bcrypt}$2a$10$iW6qYvcNvLkVvpHHKipjOesInnL1aJ5qJBn2e7RcGNcAUKpZ745Ku', '12345678', '24094', 'Tuxtla Gutierrez'),
(11, 'Joe unitario', 'Franklin', '0', 'prueba@prueba2.com', '{bcrypt}$2a$10$bBJLwGy4J9QPFNjvlBSUxuasTQHcu6PdVVoWb1/eUu8YFd5FEp.5S', '65551023', '29049', 'Madison'),
(3, 'admin4', 'admin4', '0', 'admin@admin4', '{bcrypt}$2a$10$hfUYFcbqHDisOQPZkbwRo.80qw0YM9Q6TIEjJRRpOqX.RIICRIlvW', '123', '29010', 'tuxtla gutierrez'),
(2, 'Don owner', 'ownersito', '1', 'owner@owner.com', '{bcrypt}$2a$10$5UivHTZmvVm3CRFSYq3NH.0M7izKNjTsuwiNJjtQAa5LsrmwC0HrK', '123456', '29049', 'Tuxtlas'),
(5, 'Prueba', 'Prueba', '1', 'prueba@prueba.com', '{bcrypt}$2a$10$AgHrOrJgniIaQ55pwwuqu.Nu.DW7fqJYnDZ/jcn3dPWEtf6lEocx.', '123456', '29049', 'Tuxtla'),
(12, 'admin3', 'admin3', '1', 'admin@admin3', '{bcrypt}$2a$10$2DW3tbf4Gz65nI.26CBw1ewA0a1wT14ddR2A71vAq6TU./chvZ.ma', '123', '29010', 'tuxtla gutierrez'),
(18, 'aa', 'a', '1', '12@12', '{bcrypt}$2a$10$Jp4db00HeI3D6zYgG4xZnei2sT/muYllM.udLff0YUIdTsUftjArS', '1', '29049', 'a');

-- --------------------------------------------------------

--
-- Estructura de tabla para la tabla `users_roles`
--

CREATE TABLE `users_roles` (
  `id` int(11) NOT NULL,
  `user_id` int(11) NOT NULL,
  `role_id` int(11) NOT NULL
) ENGINE=InnoDB DEFAULT CHARSET=utf8;

--
-- Volcado de datos para la tabla `users_roles`
--

INSERT INTO `users_roles` (`id`, `user_id`, `role_id`) VALUES
(1, 1, 1),
(16, 18, 2);

-- --------------------------------------------------------

--
-- Estructura de tabla para la tabla `venta`
--

CREATE TABLE `venta` (
  `id` int(11) NOT NULL,
  `owner_id` int(11) NOT NULL,
  `metodopago` varchar(100) NOT NULL,
  `total` int(11) NOT NULL,
  `fecha` date NOT NULL
) ENGINE=InnoDB DEFAULT CHARSET=utf8;

--
-- Volcado de datos para la tabla `venta`
--

INSERT INTO `venta` (`id`, `owner_id`, `metodopago`, `total`, `fecha`) VALUES
(17, 9, 'Tarjeta', 232, '2021-03-08'),
(18, 9, 'PayPal', 340, '2021-03-12'),
(19, 4, 'Transferencia', 280, '2021-03-12');

-- --------------------------------------------------------

--
-- Estructura de tabla para la tabla `ventadetalle`
--

CREATE TABLE `ventadetalle` (
  `id` int(11) NOT NULL,
  `venta_id` int(11) NOT NULL,
  `product_id` int(11) NOT NULL,
  `cantidad` int(11) NOT NULL,
  `precio` int(11) NOT NULL,
  `subtotal` int(11) NOT NULL
) ENGINE=InnoDB DEFAULT CHARSET=utf8;

--
-- Volcado de datos para la tabla `ventadetalle`
--

INSERT INTO `ventadetalle` (`id`, `venta_id`, `product_id`, `cantidad`, `precio`, `subtotal`) VALUES
(23, 17, 11, 1, 120, 120),
(24, 17, 14, 2, 56, 112),
(25, 18, 11, 2, 120, 240),
(26, 18, 15, 1, 100, 100),
(27, 19, 15, 1, 100, 100),
(28, 19, 8, 2, 90, 180);

-- --------------------------------------------------------

--
-- Estructura de tabla para la tabla `vets`
--

CREATE TABLE `vets` (
  `id` int(4) UNSIGNED NOT NULL,
  `first_name` varchar(30) DEFAULT NULL,
  `last_name` varchar(30) DEFAULT NULL,
  `Schedule` varchar(255) NOT NULL,
  `specialty_id` int(11) NOT NULL,
  `telephone` varchar(100) NOT NULL
) ENGINE=InnoDB DEFAULT CHARSET=utf8;

--
-- Volcado de datos para la tabla `vets`
--

INSERT INTO `vets` (`id`, `first_name`, `last_name`, `Schedule`, `specialty_id`, `telephone`) VALUES
(1, 'vet3', 'vet3', '2:40', 1234, '123'),
(2, 'Helen', 'Leary', '', 2, ''),
(3, 'Linda', 'Douglas', '', 1, ''),
(4, 'Rafael', 'Ortega', '', 3, ''),
(5, 'Henry', 'Stevens', '', 1, ''),
(6, 'Sharon', 'Jenkins', '', 2, ''),
(7, 'vet2', 'vet2', '2:40', 1234, '123'),
(8, 'vet2', 'vet2', '2:40', 1234, '123'),
(9, 'vet2', 'vet2', '2:40', 1234, '123'),
(10, 'vet2', 'vet2', '2:40', 1234, '123'),
(11, 'vet2', 'vet2', '2:40', 1234, '123'),
(12, 'vet2', 'vet2', '2:40', 1234, '123'),
(13, 'vet2', 'vet2', '2:40', 1234, '123'),
(14, 'vet2', 'vet2', '2:40', 1234, '123'),
(15, 'vet2', 'vet2', '2:40', 1234, '123'),
(16, 'vet2', 'vet2', '2:40', 1234, '123'),
(17, 'vet2', 'vet2', '2:40', 1234, '123'),
(18, 'vet2', 'vet2', '2:40', 1234, '123'),
(19, 'vet2', 'vet2', '2:40', 1234, '123'),
(20, 'vet2', 'vet2', '2:40', 1234, '123'),
(21, 'vet2', 'vet2', '2:40', 1234, '123'),
(22, 'vet2', 'vet2', '2:40', 1234, '123'),
(23, 'vet2', 'vet2', '2:40', 1234, '123'),
(24, 'vet2', 'vet2', '2:40', 1234, '123'),
(25, 'vet2', 'vet2', '2:40', 1234, '123'),
(26, 'vet2', 'vet2', '2:40', 1234, '123'),
(27, 'vet2', 'vet2', '2:40', 1234, '123'),
(28, 'vet2', 'vet2', '2:40', 1234, '123'),
(29, 'vet2', 'vet2', '2:40', 1234, '123'),
(30, 'vet2', 'vet2', '2:40', 1234, '123'),
(31, 'vet2', 'vet2', '2:40', 1234, '123'),
(32, 'vet2', 'vet2', '2:40', 1234, '123'),
(33, 'vet2', 'vet2', '2:40', 1234, '123'),
(34, 'vet2', 'vet2', '2:40', 1234, '123'),
(35, 'vet2', 'vet2', '2:40', 1234, '123'),
(36, 'vet2', 'vet2', '2:40', 1234, '123'),
(37, 'vet2', 'vet2', '2:40', 1234, '123'),
(38, 'vet2', 'vet2', '2:40', 1234, '123'),
(39, 'vet2', 'vet2', '2:40', 1234, '123'),
(40, 'vet2', 'vet2', '2:40', 1234, '123'),
(41, 'vet2', 'vet2', '2:40', 1234, '123'),
(42, 'vet2', 'vet2', '2:40', 1234, '123'),
(43, 'vet2', 'vet2', '2:40', 1234, '123'),
(44, 'vet2', 'vet2', '2:40', 1234, '123'),
(45, 'vet2', 'vet2', '2:40', 1234, '123'),
(46, 'vet2', 'vet2', '2:40', 1234, '123'),
(47, 'vet2', 'vet2', '2:40', 1234, '123'),
(48, 'vet2', 'vet2', '2:40', 1234, '123'),
(49, 'vet2', 'vet2', '2:40', 1234, '123'),
(50, 'vet2', 'vet2', '2:40', 1234, '123'),
(51, 'vet2', 'vet2', '2:40', 1234, '123'),
(52, 'vet2', 'vet2', '2:40', 1234, '123'),
(53, 'vet2', 'vet2', '2:40', 1234, '123'),
(54, 'vet2', 'vet2', '2:40', 1234, '123'),
(55, 'vet2', 'vet2', '2:40', 1234, '123'),
(56, 'vet2', 'vet2', '2:40', 1234, '123'),
(57, 'vet2', 'vet2', '2:40', 1234, '123'),
(58, 'vet2', 'vet2', '2:40', 1234, '123'),
(59, 'vet2', 'vet2', '2:40', 1234, '123'),
(60, 'vet2', 'vet2', '2:40', 1234, '123'),
(61, 'vet2', 'vet2', '2:40', 1234, '123'),
(62, 'vet2', 'vet2', '2:40', 1234, '123'),
(63, 'vet2', 'vet2', '2:40', 1234, '123'),
(64, 'vet2', 'vet2', '2:40', 1234, '123'),
(65, 'vet2', 'vet2', '2:40', 1234, '123'),
(66, 'vet2', 'vet2', '2:40', 1234, '123'),
(67, 'vet2', 'vet2', '2:40', 1234, '123'),
(68, 'vet2', 'vet2', '2:40', 1234, '123'),
(69, 'vet2', 'vet2', '2:40', 1234, '123'),
(70, 'vet2', 'vet2', '2:40', 1234, '123'),
(71, 'vet2', 'vet2', '2:40', 1234, '123'),
(72, 'vet2', 'vet2', '2:40', 1234, '123'),
(73, 'vet2', 'vet2', '2:40', 1234, '123'),
(74, 'vet2', 'vet2', '2:40', 1234, '123'),
(75, 'vet2', 'vet2', '2:40', 1234, '123'),
(76, 'vet2', 'vet2', '2:40', 1234, '123'),
(77, 'vet2', 'vet2', '2:40', 1234, '123'),
(78, 'vet2', 'vet2', '2:40', 1234, '123'),
(79, 'vet2', 'vet2', '2:40', 1234, '123'),
(80, 'vet2', 'vet2', '2:40', 1234, '123'),
(81, 'vet2', 'vet2', '2:40', 1234, '123'),
(82, 'vet2', 'vet2', '2:40', 1234, '123'),
(83, 'vet2', 'vet2', '2:40', 1234, '123'),
(84, 'vet2', 'vet2', '2:40', 1234, '123'),
(85, 'vet2', 'vet2', '2:40', 1234, '123'),
(86, 'vet2', 'vet2', '2:40', 1234, '123'),
(87, 'vet2', 'vet2', '2:40', 1234, '123'),
(88, 'vet2', 'vet2', '2:40', 1234, '123'),
(89, 'vet2', 'vet2', '2:40', 1234, '123'),
(90, 'vet2', 'vet2', '2:40', 1234, '123'),
(91, 'vet2', 'vet2', '2:40', 1234, '123'),
(92, 'vet2', 'vet2', '2:40', 1234, '123'),
(93, 'vet2', 'vet2', '2:40', 1234, '123'),
(94, 'vet2', 'vet2', '2:40', 1234, '123'),
(95, 'vet2', 'vet2', '2:40', 1234, '123'),
(96, 'vet2', 'vet2', '2:40', 1234, '123'),
(97, 'vet2', 'vet2', '2:40', 1234, '123'),
(98, 'vet2', 'vet2', '2:40', 1234, '123'),
(99, 'vet2', 'vet2', '2:40', 1234, '123'),
(100, 'vet2', 'vet2', '2:40', 1234, '123'),
(101, 'vet2', 'vet2', '2:40', 1234, '123'),
(102, 'vet2', 'vet2', '2:40', 1234, '123'),
(103, 'vet2', 'vet2', '2:40', 1234, '123'),
(104, 'vet2', 'vet2', '2:40', 1234, '123'),
(105, 'vet2', 'vet2', '2:40', 1234, '123'),
(106, 'vet2', 'vet2', '2:40', 1234, '123'),
(107, 'vet2', 'vet2', '2:40', 1234, '123'),
(108, 'vet2', 'vet2', '2:40', 1234, '123'),
(109, 'vet2', 'vet2', '2:40', 1234, '123'),
(110, 'vet2', 'vet2', '2:40', 1234, '123'),
(111, 'vet2', 'vet2', '2:40', 1234, '123'),
(112, 'vet2', 'vet2', '2:40', 1234, '123'),
(113, 'vet2', 'vet2', '2:40', 1234, '123'),
(114, 'vet2', 'vet2', '2:40', 1234, '123'),
(115, 'vet2', 'vet2', '2:40', 1234, '123'),
(116, 'vet2', 'vet2', '2:40', 1234, '123'),
(117, 'vet2', 'vet2', '2:40', 1234, '123'),
(118, 'vet2', 'vet2', '2:40', 1234, '123'),
(119, 'vet2', 'vet2', '2:40', 1234, '123'),
(120, 'vet2', 'vet2', '2:40', 1234, '123'),
(121, 'vet2', 'vet2', '2:40', 1234, '123'),
(122, 'vet2', 'vet2', '2:40', 1234, '123'),
(123, 'vet2', 'vet2', '2:40', 1234, '123'),
(124, 'vet2', 'vet2', '2:40', 1234, '123'),
(125, 'vet2', 'vet2', '2:40', 1234, '123'),
(126, 'vet2', 'vet2', '2:40', 1234, '123'),
(127, 'vet2', 'vet2', '2:40', 1234, '123'),
(128, 'vet2', 'vet2', '2:40', 1234, '123'),
(129, 'vet2', 'vet2', '2:40', 1234, '123'),
(130, 'vet2', 'vet2', '2:40', 1234, '123'),
(131, 'vet2', 'vet2', '2:40', 1234, '123'),
(132, 'vet2', 'vet2', '2:40', 1234, '123'),
(133, 'vet2', 'vet2', '2:40', 1234, '123'),
(134, 'vet2', 'vet2', '2:40', 1234, '123'),
(135, 'vet2', 'vet2', '2:40', 1234, '123'),
(136, 'vet2', 'vet2', '2:40', 1234, '123'),
(137, 'vet2', 'vet2', '2:40', 1234, '123'),
(138, 'vet2', 'vet2', '2:40', 1234, '123'),
(139, 'vet2', 'vet2', '2:40', 1234, '123'),
(140, 'vet2', 'vet2', '2:40', 1234, '123'),
(141, 'vet2', 'vet2', '2:40', 1234, '123'),
(142, 'vet2', 'vet2', '2:40', 1234, '123'),
(143, 'vet2', 'vet2', '2:40', 1234, '123'),
(144, 'vet2', 'vet2', '2:40', 1234, '123'),
(145, 'vet2', 'vet2', '2:40', 1234, '123'),
(146, 'vet2', 'vet2', '2:40', 1234, '123'),
(147, 'vet2', 'vet2', '2:40', 1234, '123'),
(148, 'vet2', 'vet2', '2:40', 1234, '123'),
(149, 'vet2', 'vet2', '2:40', 1234, '123'),
(150, 'vet2', 'vet2', '2:40', 1234, '123'),
(151, 'vet2', 'vet2', '2:40', 1234, '123'),
(152, 'vet2', 'vet2', '2:40', 1234, '123'),
(153, 'vet2', 'vet2', '2:40', 1234, '123'),
(154, 'vet2', 'vet2', '2:40', 1234, '123'),
(155, 'vet2', 'vet2', '2:40', 1234, '123'),
(156, 'vet2', 'vet2', '2:40', 1234, '123'),
(157, 'vet2', 'vet2', '2:40', 1234, '123'),
(158, 'vet2', 'vet2', '2:40', 1234, '123'),
(159, 'vet2', 'vet2', '2:40', 1234, '123'),
(160, 'vet2', 'vet2', '2:40', 1234, '123'),
(161, 'vet2', 'vet2', '2:40', 1234, '123'),
(162, 'vet2', 'vet2', '2:40', 1234, '123'),
(163, 'vet2', 'vet2', '2:40', 1234, '123'),
(164, 'vet2', 'vet2', '2:40', 1234, '123'),
(165, 'vet2', 'vet2', '2:40', 1234, '123'),
(166, 'vet2', 'vet2', '2:40', 1234, '123'),
(167, 'vet2', 'vet2', '2:40', 1234, '123'),
(168, 'vet2', 'vet2', '2:40', 1234, '123'),
(169, 'vet2', 'vet2', '2:40', 1234, '123'),
(170, 'vet2', 'vet2', '2:40', 1234, '123'),
(171, 'vet2', 'vet2', '2:40', 1234, '123'),
(172, 'vet2', 'vet2', '2:40', 1234, '123'),
(173, 'vet2', 'vet2', '2:40', 1234, '123'),
(174, 'vet2', 'vet2', '2:40', 1234, '123'),
(175, 'vet2', 'vet2', '2:40', 1234, '123'),
(176, 'vet2', 'vet2', '2:40', 1234, '123'),
(177, 'vet2', 'vet2', '2:40', 1234, '123'),
(178, 'vet2', 'vet2', '2:40', 1234, '123'),
(179, 'vet2', 'vet2', '2:40', 1234, '123'),
(180, 'vet2', 'vet2', '2:40', 1234, '123'),
(181, 'vet2', 'vet2', '2:40', 1234, '123'),
(182, 'vet2', 'vet2', '2:40', 1234, '123'),
(183, 'vet2', 'vet2', '2:40', 1234, '123'),
(184, 'vet2', 'vet2', '2:40', 1234, '123'),
(185, 'vet2', 'vet2', '2:40', 1234, '123'),
(186, 'vet2', 'vet2', '2:40', 1234, '123'),
(187, 'vet2', 'vet2', '2:40', 1234, '123'),
(188, 'vet2', 'vet2', '2:40', 1234, '123'),
(189, 'vet2', 'vet2', '2:40', 1234, '123'),
(190, 'vet2', 'vet2', '2:40', 1234, '123'),
(191, 'vet2', 'vet2', '2:40', 1234, '123'),
(192, 'vet2', 'vet2', '2:40', 1234, '123'),
(193, 'vet2', 'vet2', '2:40', 1234, '123'),
(194, 'vet2', 'vet2', '2:40', 1234, '123'),
(195, 'vet2', 'vet2', '2:40', 1234, '123'),
(196, 'vet2', 'vet2', '2:40', 1234, '123'),
(197, 'vet2', 'vet2', '2:40', 1234, '123'),
(198, 'vet2', 'vet2', '2:40', 1234, '123'),
(199, 'vet2', 'vet2', '2:40', 1234, '123'),
(200, 'vet2', 'vet2', '2:40', 1234, '123'),
(201, 'vet2', 'vet2', '2:40', 1234, '123'),
(202, 'vet2', 'vet2', '2:40', 1234, '123'),
(203, 'vet2', 'vet2', '2:40', 1234, '123'),
(204, 'vet2', 'vet2', '2:40', 1234, '123'),
(205, 'vet2', 'vet2', '2:40', 1234, '123'),
(206, 'vet2', 'vet2', '2:40', 1234, '123'),
(207, 'vet2', 'vet2', '2:40', 1234, '123'),
(208, 'vet2', 'vet2', '2:40', 1234, '123'),
(209, 'vet2', 'vet2', '2:40', 1234, '123'),
(210, 'vet2', 'vet2', '2:40', 1234, '123'),
(211, 'vet2', 'vet2', '2:40', 1234, '123'),
(212, 'vet2', 'vet2', '2:40', 1234, '123'),
(213, 'vet2', 'vet2', '2:40', 1234, '123'),
(214, 'vet2', 'vet2', '2:40', 1234, '123'),
(215, 'vet2', 'vet2', '2:40', 1234, '123'),
(216, 'vet2', 'vet2', '2:40', 1234, '123'),
(217, 'vet2', 'vet2', '2:40', 1234, '123'),
(218, 'vet2', 'vet2', '2:40', 1234, '123'),
(219, 'vet2', 'vet2', '2:40', 1234, '123'),
(220, 'vet2', 'vet2', '2:40', 1234, '123'),
(221, 'vet2', 'vet2', '2:40', 1234, '123'),
(222, 'vet2', 'vet2', '2:40', 1234, '123'),
(223, 'vet2', 'vet2', '2:40', 1234, '123'),
(224, 'vet2', 'vet2', '2:40', 1234, '123'),
(225, 'vet2', 'vet2', '2:40', 1234, '123'),
(226, 'vet2', 'vet2', '2:40', 1234, '123'),
(227, 'vet2', 'vet2', '2:40', 1234, '123'),
(228, 'vet2', 'vet2', '2:40', 1234, '123'),
(229, 'vet2', 'vet2', '2:40', 1234, '123'),
(230, 'vet2', 'vet2', '2:40', 1234, '123'),
(231, 'vet2', 'vet2', '2:40', 1234, '123'),
(232, 'vet2', 'vet2', '2:40', 1234, '123'),
(233, 'vet2', 'vet2', '2:40', 1234, '123'),
(234, 'vet2', 'vet2', '2:40', 1234, '123'),
(235, 'vet2', 'vet2', '2:40', 1234, '123'),
(236, 'vet2', 'vet2', '2:40', 1234, '123'),
(237, 'vet2', 'vet2', '2:40', 1234, '123'),
(238, 'vet2', 'vet2', '2:40', 1234, '123'),
(239, 'vet2', 'vet2', '2:40', 1234, '123'),
(240, 'vet2', 'vet2', '2:40', 1234, '123'),
(241, 'vet2', 'vet2', '2:40', 1234, '123'),
(242, 'vet2', 'vet2', '2:40', 1234, '123'),
(243, 'vet2', 'vet2', '2:40', 1234, '123'),
(244, 'vet2', 'vet2', '2:40', 1234, '123'),
(245, 'vet2', 'vet2', '2:40', 1234, '123'),
(246, 'vet2', 'vet2', '2:40', 1234, '123'),
(247, 'vet2', 'vet2', '2:40', 1234, '123'),
(248, 'vet2', 'vet2', '2:40', 1234, '123'),
(249, 'vet2', 'vet2', '2:40', 1234, '123'),
(250, 'vet2', 'vet2', '2:40', 1234, '123'),
(251, 'vet2', 'vet2', '2:40', 1234, '123'),
(252, 'vet2', 'vet2', '2:40', 1234, '123'),
(253, 'vet2', 'vet2', '2:40', 1234, '123'),
(254, 'vet2', 'vet2', '2:40', 1234, '123'),
(255, 'vet2', 'vet2', '2:40', 1234, '123'),
(256, 'vet2', 'vet2', '2:40', 1234, '123'),
(257, 'vet2', 'vet2', '2:40', 1234, '123'),
(258, 'vet2', 'vet2', '2:40', 1234, '123'),
(259, 'vet2', 'vet2', '2:40', 1234, '123'),
(260, 'vet2', 'vet2', '2:40', 1234, '123'),
(261, 'vet2', 'vet2', '2:40', 1234, '123'),
(262, 'vet2', 'vet2', '2:40', 1234, '123'),
(263, 'vet2', 'vet2', '2:40', 1234, '123'),
(264, 'vet2', 'vet2', '2:40', 1234, '123'),
(265, 'vet2', 'vet2', '2:40', 1234, '123'),
(266, 'vet2', 'vet2', '2:40', 1234, '123'),
(267, 'vet2', 'vet2', '2:40', 1234, '123'),
(268, 'vet2', 'vet2', '2:40', 1234, '123'),
(269, 'vet2', 'vet2', '2:40', 1234, '123'),
(270, 'vet2', 'vet2', '2:40', 1234, '123'),
(271, 'vet2', 'vet2', '2:40', 1234, '123'),
(272, 'vet2', 'vet2', '2:40', 1234, '123'),
(273, 'vet2', 'vet2', '2:40', 1234, '123'),
(274, 'vet2', 'vet2', '2:40', 1234, '123'),
(275, 'vet2', 'vet2', '2:40', 1234, '123'),
(276, 'vet2', 'vet2', '2:40', 1234, '123'),
(277, 'vet2', 'vet2', '2:40', 1234, '123'),
(278, 'vet2', 'vet2', '2:40', 1234, '123'),
(279, 'vet2', 'vet2', '2:40', 1234, '123'),
(280, 'vet2', 'vet2', '2:40', 1234, '123'),
(281, 'vet2', 'vet2', '2:40', 1234, '123'),
(282, 'vet2', 'vet2', '2:40', 1234, '123'),
(283, 'vet2', 'vet2', '2:40', 1234, '123'),
(284, 'vet2', 'vet2', '2:40', 1234, '123'),
(285, 'vet2', 'vet2', '2:40', 1234, '123'),
(286, 'vet2', 'vet2', '2:40', 1234, '123'),
(287, 'vet2', 'vet2', '2:40', 1234, '123'),
(288, 'vet2', 'vet2', '2:40', 1234, '123'),
(289, 'vet2', 'vet2', '2:40', 1234, '123'),
(290, 'vet2', 'vet2', '2:40', 1234, '123'),
(291, 'vet2', 'vet2', '2:40', 1234, '123'),
(292, 'vet2', 'vet2', '2:40', 1234, '123'),
(293, 'vet2', 'vet2', '2:40', 1234, '123'),
(294, 'vet2', 'vet2', '2:40', 1234, '123'),
(295, 'vet2', 'vet2', '2:40', 1234, '123'),
(296, 'vet2', 'vet2', '2:40', 1234, '123'),
(297, 'vet2', 'vet2', '2:40', 1234, '123'),
(298, 'vet2', 'vet2', '2:40', 1234, '123'),
(299, 'vet2', 'vet2', '2:40', 1234, '123'),
(300, 'vet2', 'vet2', '2:40', 1234, '123'),
(301, 'vet2', 'vet2', '2:40', 1234, '123'),
(302, 'vet2', 'vet2', '2:40', 1234, '123'),
(303, 'vet2', 'vet2', '2:40', 1234, '123'),
(304, 'vet2', 'vet2', '2:40', 1234, '123'),
(305, 'vet2', 'vet2', '2:40', 1234, '123'),
(306, 'vet2', 'vet2', '2:40', 1234, '123'),
(307, 'vet2', 'vet2', '2:40', 1234, '123'),
(308, 'vet2', 'vet2', '2:40', 1234, '123'),
(309, 'vet2', 'vet2', '2:40', 1234, '123'),
(310, 'vet2', 'vet2', '2:40', 1234, '123'),
(311, 'vet2', 'vet2', '2:40', 1234, '123'),
(312, 'vet2', 'vet2', '2:40', 1234, '123'),
(313, 'vet2', 'vet2', '2:40', 1234, '123'),
(314, 'vet2', 'vet2', '2:40', 1234, '123'),
(315, 'vet2', 'vet2', '2:40', 1234, '123'),
(316, 'vet2', 'vet2', '2:40', 1234, '123'),
(317, 'vet2', 'vet2', '2:40', 1234, '123'),
(318, 'vet2', 'vet2', '2:40', 1234, '123'),
(319, 'vet2', 'vet2', '2:40', 1234, '123'),
(320, 'vet2', 'vet2', '2:40', 1234, '123'),
(321, 'vet2', 'vet2', '2:40', 1234, '123'),
(322, 'vet2', 'vet2', '2:40', 1234, '123'),
(323, 'vet2', 'vet2', '2:40', 1234, '123'),
(324, 'vet2', 'vet2', '2:40', 1234, '123'),
(325, 'vet2', 'vet2', '2:40', 1234, '123'),
(326, 'vet2', 'vet2', '2:40', 1234, '123'),
(327, 'vet2', 'vet2', '2:40', 1234, '123'),
(328, 'vet2', 'vet2', '2:40', 1234, '123'),
(329, 'vet2', 'vet2', '2:40', 1234, '123'),
(330, 'vet2', 'vet2', '2:40', 1234, '123'),
(331, 'vet2', 'vet2', '2:40', 1234, '123'),
(332, 'vet2', 'vet2', '2:40', 1234, '123'),
(333, 'vet2', 'vet2', '2:40', 1234, '123'),
(334, 'vet2', 'vet2', '2:40', 1234, '123'),
(335, 'vet2', 'vet2', '2:40', 1234, '123'),
(336, 'vet2', 'vet2', '2:40', 1234, '123'),
(337, 'vet2', 'vet2', '2:40', 1234, '123'),
(338, 'vet2', 'vet2', '2:40', 1234, '123'),
(339, 'vet2', 'vet2', '2:40', 1234, '123'),
(340, 'vet2', 'vet2', '2:40', 1234, '123'),
(341, 'vet2', 'vet2', '2:40', 1234, '123'),
(342, 'vet2', 'vet2', '2:40', 1234, '123'),
(343, 'vet2', 'vet2', '2:40', 1234, '123'),
(344, 'vet2', 'vet2', '2:40', 1234, '123'),
(345, 'vet2', 'vet2', '2:40', 1234, '123'),
(346, 'vet2', 'vet2', '2:40', 1234, '123'),
(347, 'vet2', 'vet2', '2:40', 1234, '123'),
(348, 'vet2', 'vet2', '2:40', 1234, '123'),
(349, 'vet2', 'vet2', '2:40', 1234, '123');

-- --------------------------------------------------------

--
-- Estructura de tabla para la tabla `vet_specialties`
--

CREATE TABLE `vet_specialties` (
  `vet_id` int(4) UNSIGNED NOT NULL,
  `specialty_id` int(4) UNSIGNED NOT NULL
) ENGINE=InnoDB DEFAULT CHARSET=utf8;

--
-- Volcado de datos para la tabla `vet_specialties`
--

INSERT INTO `vet_specialties` (`vet_id`, `specialty_id`) VALUES
(2, 1),
(3, 2),
(3, 3),
(4, 2),
(5, 1);

-- --------------------------------------------------------

--
-- Estructura de tabla para la tabla `visits`
--

CREATE TABLE `visits` (
  `id` int(11) NOT NULL,
  `visit_date` date DEFAULT NULL,
  `description` varchar(255) DEFAULT NULL,
  `pet_id` int(11) DEFAULT NULL
) ENGINE=MyISAM DEFAULT CHARSET=utf8;

--
-- Volcado de datos para la tabla `visits`
--

INSERT INTO `visits` (`id`, `visit_date`, `description`, `pet_id`) VALUES
(1, '2021-02-07', 'ver al medico', 3),
(2, '2021-02-07', 'ver al medico', 3),
(3, '2021-02-07', 'ver al medico', 3),
(4, '2021-02-07', 'ver al medico', 3),
(5, '2021-02-19', 'ver al medico', 3),
(6, '2021-02-20', 'ver al medico', 3),
(7, '2021-02-21', 'ver al medico', 3),
(8, '2021-02-21', 'ver al medico', 3),
(9, '2021-02-21', 'ver al medico', 3),
(10, '2021-02-21', 'ver al medico', 3),
(11, '2021-02-21', 'ver al medico', 3),
(12, '2021-02-21', 'ver al medico', 3),
(13, '2021-02-21', 'ver al medico', 3),
(14, '2021-02-21', 'ver al medico', 3),
(15, '2021-02-21', 'ver al medico', 3),
(16, '2021-02-21', 'ver al medico', 3),
(17, '2021-02-21', 'ver al medico', 3),
(18, '2021-02-21', 'ver al medico', 3),
(19, '2021-02-21', 'ver al medico', 3),
(20, '2021-02-21', 'ver al medico', 3),
(21, '2021-02-21', 'ver al medico', 3),
(22, '2021-02-21', 'ver al medico', 3),
(23, '2021-02-21', 'ver al medico', 3),
(24, '2021-02-21', 'ver al medico', 3),
(25, '2021-02-21', 'ver al medico', 3),
(26, '2021-02-21', 'ver al medico', 3),
(27, '2021-02-21', 'ver al medico', 3),
(28, '2021-02-22', 'ver al medico', 3),
(29, '2021-02-22', 'ver al medico', 3),
(30, '2021-02-22', 'ver al medico', 3),
(31, '2021-02-22', 'ver al medico', 3),
(32, '2021-02-22', 'ver al medico', 3),
(33, '2021-02-22', 'ver al medico', 3),
(34, '2021-02-22', 'ver al medico', 3),
(35, '2021-02-22', 'ver al medico', 3),
(36, '2021-02-22', 'ver al medico', 3),
(37, '2021-02-22', 'ver al medico', 3),
(38, '2021-02-22', 'ver al medico', 3),
(39, '2021-02-22', 'ver al medico', 3),
(40, '2021-02-22', 'ver al medico', 3),
(41, '2021-02-22', 'ver al medico', 3),
(42, '2021-02-22', 'ver al medico', 3),
(43, '2021-02-22', 'ver al medico', 3),
(44, '2021-02-23', 'ver al medico', 3),
(45, '2021-02-23', 'ver al medico', 3),
(46, '2021-02-23', 'ver al medico', 3),
(47, '2021-02-23', 'ver al medico', 3),
(48, '2021-02-23', 'ver al medico', 3),
(49, '2021-02-23', 'ver al medico', 3),
(50, '2021-02-23', 'ver al medico', 3),
(51, '2021-02-23', 'ver al medico', 3),
(52, '2021-02-23', 'ver al medico', 3),
(53, '2021-02-23', 'ver al medico', 3),
(54, '2021-02-23', 'ver al medico', 3),
(55, '2021-02-23', 'ver al medico', 3),
(56, '2021-02-23', 'ver al medico', 3),
(57, '2021-02-23', 'ver al medico', 3),
(58, '2021-02-23', 'ver al medico', 3),
(59, '2021-02-23', 'ver al medico', 3),
(60, '2021-02-23', 'ver al medico', 3),
(61, '2021-02-23', 'ver al medico', 3),
(62, '2021-02-23', 'ver al medico', 3),
(63, '2021-02-23', 'ver al medico', 3),
(64, '2021-02-23', 'ver al medico', 3),
(65, '2021-02-23', 'ver al medico', 3),
(66, '2021-02-23', 'ver al medico', 3),
(67, '2021-02-23', 'ver al medico', 3),
(68, '2021-02-23', 'ver al medico', 3),
(69, '2021-02-23', 'ver al medico', 3),
(70, '2021-02-23', 'ver al medico', 3),
(71, '2021-02-23', 'ver al medico', 3),
(72, '2021-02-23', 'ver al medico', 3),
(73, '2021-02-23', 'ver al medico', 3),
(74, '2021-02-23', 'ver al medico', 3),
(75, '2021-02-23', 'ver al medico', 3),
(76, '2021-02-23', 'ver al medico', 3),
(77, '2021-02-23', 'ver al medico', 3),
(78, '2021-02-23', 'ver al medico', 3),
(79, '2021-02-23', 'ver al medico', 3),
(80, '2021-02-23', 'ver al medico', 3),
(81, '2021-02-23', 'ver al medico', 3),
(82, '2021-02-23', 'ver al medico', 3),
(83, '2021-02-24', 'ver al medico', 3),
(84, '2021-02-24', 'ver al medico', 3),
(85, '2021-02-24', 'ver al medico', 3),
(86, '2021-02-24', 'ver al medico', 3),
(87, '2021-02-24', 'ver al medico', 3),
(88, '2021-02-24', 'ver al medico', 3),
(89, '2021-02-24', 'ver al medico', 3),
(90, '2021-02-24', 'ver al medico', 3),
(91, '2021-02-24', 'ver al medico', 3),
(92, '2021-02-24', 'ver al medico', 3),
(93, '2021-02-24', 'ver al medico', 3),
(94, '2021-02-24', 'ver al medico', 3),
(95, '2021-02-24', 'ver al medico', 3),
(96, '2021-02-24', 'ver al medico', 3),
(97, '2021-02-24', 'ver al medico', 3),
(98, '2021-02-24', 'ver al medico', 3),
(99, '2021-02-24', 'ver al medico', 3),
(100, '2021-02-24', 'ver al medico', 3),
(101, '2021-02-24', 'ver al medico', 3),
(102, '2021-02-24', 'ver al medico', 3),
(103, '2021-02-24', 'ver al medico', 3),
(104, '2021-02-24', 'ver al medico', 3),
(105, '2021-02-25', 'ver al medico', 3),
(106, '2021-02-25', 'ver al medico', 3),
(107, '2021-02-25', 'ver al medico', 3),
(108, '2021-02-25', 'ver al medico', 3),
(109, '2021-02-25', 'ver al medico', 3),
(110, '2021-02-25', 'ver al medico', 3),
(111, '2021-02-25', 'ver al medico', 3),
(112, '2021-02-25', 'ver al medico', 3),
(113, '2021-02-25', 'ver al medico', 3),
(114, '2021-02-25', 'ver al medico', 3),
(115, '2021-02-25', 'ver al medico', 3),
(116, '2021-02-25', 'ver al medico', 3),
(117, '2021-02-25', 'ver al medico', 3),
(118, '2021-02-25', 'ver al medico', 3),
(119, '2021-02-25', 'ver al medico', 3),
(120, '2021-02-25', 'ver al medico', 3),
(121, '2021-02-25', 'ver al medico', 3),
(122, '2021-02-25', 'ver al medico', 3),
(123, '2021-02-25', 'ver al medico', 3),
(124, '2021-02-25', 'ver al medico', 3),
(125, '2021-02-25', 'ver al medico', 3),
(126, '2021-02-25', 'ver al medico', 3),
(127, '2021-02-25', 'ver al medico', 3),
(128, '2021-02-25', 'ver al medico', 3),
(129, '2021-02-25', 'ver al medico', 3),
(130, '2021-02-25', 'ver al medico', 3),
(131, '2021-02-25', 'ver al medico', 3),
(132, '2021-02-25', 'ver al medico', 3),
(133, '2021-02-25', 'ver al medico', 3),
(134, '2021-02-25', 'ver al medico', 3),
(135, '2021-02-25', 'ver al medico', 3),
(136, '2021-02-25', 'ver al medico', 3),
(137, '2021-02-25', 'ver al medico', 3),
(138, '2021-02-25', 'ver al medico', 3),
(139, '2021-02-25', 'ver al medico', 3),
(140, '2021-02-25', 'ver al medico', 3),
(141, '2021-02-25', 'ver al medico', 3),
(142, '2021-02-25', 'ver al medico', 3),
(143, '2021-02-25', 'ver al medico', 3),
(144, '2021-02-25', 'ver al medico', 3),
(145, '2021-02-25', 'ver al medico', 3),
(146, '2021-02-25', 'ver al medico', 3),
(147, '2021-02-25', 'ver al medico', 3),
(148, '2021-02-25', 'ver al medico', 3),
(149, '2021-02-25', 'ver al medico', 3),
(150, '2021-02-26', 'ver al medico', 3),
(151, '2021-02-26', 'ver al medico', 3),
(152, '2021-02-26', 'ver al medico', 3),
(153, '2021-02-26', 'ver al medico', 3),
(154, '2021-02-26', 'ver al medico', 3),
(155, '2021-02-26', 'ver al medico', 3),
(156, '2021-02-26', 'ver al medico', 3),
(157, '2021-02-26', 'ver al medico', 3),
(158, '2021-02-26', 'ver al medico', 3),
(159, '2021-02-26', 'ver al medico', 3),
(160, '2021-02-26', 'ver al medico', 3),
(161, '2021-02-26', 'ver al medico', 3),
(162, '2021-02-26', 'ver al medico', 3),
(163, '2021-02-26', 'ver al medico', 3),
(164, '2021-02-26', 'ver al medico', 3),
(165, '2021-02-26', 'ver al medico', 3),
(166, '2021-02-26', 'ver al medico', 3),
(167, '2021-02-26', 'ver al medico', 3),
(168, '2021-02-26', 'ver al medico', 3),
(169, '2021-02-26', 'ver al medico', 3),
(170, '2021-02-26', 'ver al medico', 3),
(171, '2021-02-26', 'ver al medico', 3),
(172, '2021-02-26', 'ver al medico', 3),
(173, '2021-02-26', 'ver al medico', 3),
(174, '2021-02-26', 'ver al medico', 3),
(175, '2021-02-26', 'ver al medico', 3),
(176, '2021-02-26', 'ver al medico', 3),
(177, '2021-02-26', 'ver al medico', 3),
(178, '2021-02-26', 'ver al medico', 3),
(179, '2021-02-26', 'ver al medico', 3),
(180, '2021-02-26', 'ver al medico', 3),
(181, '2021-02-26', 'ver al medico', 3),
(182, '2021-02-26', 'ver al medico', 3),
(183, '2021-02-26', 'ver al medico', 3),
(184, '2021-02-26', 'ver al medico', 3),
(185, '2021-02-26', 'ver al medico', 3),
(186, '2021-02-26', 'ver al medico', 3),
(187, '2021-02-26', 'ver al medico', 3),
(188, '2021-02-26', 'ver al medico', 3),
(189, '2021-02-26', 'ver al medico', 3),
(190, '2021-02-26', 'ver al medico', 3),
(191, '2021-02-26', 'ver al medico', 3),
(192, '2021-02-26', 'ver al medico', 3),
(193, '2021-02-26', 'ver al medico', 3),
(194, '2021-02-26', 'ver al medico', 3),
(195, '2021-02-26', 'ver al medico', 3),
(196, '2021-02-26', 'ver al medico', 3),
(197, '2021-02-26', 'ver al medico', 3),
(198, '2021-02-26', 'ver al medico', 3),
(199, '2021-02-26', 'ver al medico', 3),
(200, '2021-02-26', 'ver al medico', 3),
(201, '2021-02-26', 'ver al medico', 3),
(202, '2021-02-26', 'ver al medico', 3),
(203, '2021-02-26', 'ver al medico', 3),
(204, '2021-02-26', 'ver al medico', 3),
(205, '2021-02-26', 'ver al medico', 3),
(206, '2021-02-26', 'ver al medico', 3),
(207, '2021-02-26', 'ver al medico', 3),
(208, '2021-02-26', 'ver al medico', 3),
(209, '2021-02-26', 'ver al medico', 3),
(210, '2021-02-26', 'ver al medico', 3),
(211, '2021-02-26', 'ver al medico', 3),
(212, '2021-02-26', 'ver al medico', 3),
(213, '2021-02-26', 'ver al medico', 3),
(214, '2021-02-26', 'ver al medico', 3),
(215, '2021-02-26', 'ver al medico', 3),
(216, '2021-02-26', 'ver al medico', 3),
(217, '2021-02-26', 'ver al medico', 3),
(218, '2021-02-26', 'ver al medico', 3),
(219, '2021-02-26', 'ver al medico', 3),
(220, '2021-02-26', 'ver al medico', 3),
(221, '2021-02-26', 'ver al medico', 3),
(222, '2021-02-26', 'ver al medico', 3),
(223, '2021-02-26', 'ver al medico', 3),
(224, '2021-02-26', 'ver al medico', 3),
(225, '2021-02-26', 'ver al medico', 3),
(226, '2021-02-26', 'ver al medico', 3),
(227, '2021-02-27', 'ver al medico', 3),
(228, '2021-02-27', 'ver al medico', 3),
(229, '2021-02-27', 'ver al medico', 3),
(230, '2021-02-27', 'ver al medico', 3),
(231, '2021-02-27', 'ver al medico', 3),
(232, '2021-02-27', 'ver al medico', 3),
(233, '2021-02-27', 'ver al medico', 3),
(234, '2021-02-27', 'ver al medico', 3),
(235, '2021-02-27', 'ver al medico', 3),
(236, '2021-02-27', 'ver al medico', 3),
(237, '2021-02-27', 'ver al medico', 3),
(238, '2021-02-27', 'ver al medico', 3),
(239, '2021-02-27', 'ver al medico', 3),
(240, '2021-02-27', 'ver al medico', 3),
(241, '2021-02-27', 'ver al medico', 3),
(242, '2021-02-27', 'ver al medico', 3),
(243, '2021-02-27', 'ver al medico', 3),
(244, '2021-02-27', 'ver al medico', 3),
(245, '2021-02-27', 'ver al medico', 3),
(246, '2021-02-27', 'ver al medico', 3),
(247, '2021-02-27', 'ver al medico', 3),
(248, '2021-02-27', 'ver al medico', 3),
(249, '2021-02-27', 'ver al medico', 3),
(250, '2021-02-27', 'ver al medico', 3),
(251, '2021-02-27', 'ver al medico', 3),
(252, '2021-02-27', 'ver al medico', 3),
(253, '2021-02-27', 'ver al medico', 3),
(254, '2021-02-27', 'ver al medico', 3),
(255, '2021-02-27', 'ver al medico', 3),
(256, '2021-02-27', 'ver al medico', 3),
(257, '2021-02-27', 'ver al medico', 3),
(258, '2021-02-27', 'ver al medico', 3),
(259, '2021-02-27', 'ver al medico', 3),
(260, '2021-02-27', 'ver al medico', 3),
(261, '2021-02-27', 'ver al medico', 3),
(262, '2021-02-27', 'ver al medico', 3),
(263, '2021-02-27', 'ver al medico', 3),
(264, '2021-02-27', 'ver al medico', 3),
(265, '2021-02-27', 'ver al medico', 3),
(266, '2021-02-27', 'ver al medico', 3),
(267, '2021-02-27', 'ver al medico', 3),
(268, '2021-02-27', 'ver al medico', 3),
(269, '2021-02-27', 'ver al medico', 3),
(270, '2021-02-27', 'ver al medico', 3),
(271, '2021-02-28', 'ver al medico', 3),
(272, '2021-03-02', 'ver al medico', 3),
(273, '2021-03-02', 'ver al medico', 3),
(274, '2021-03-02', 'ver al medico', 3),
(275, '2021-03-02', 'ver al medico', 3),
(276, '2021-03-02', 'ver al medico', 3),
(277, '2021-03-02', 'ver al medico', 3),
(278, '2021-03-02', 'ver al medico', 3),
(279, '2021-03-02', 'ver al medico', 3),
(280, '2021-03-02', 'ver al medico', 3),
(281, '2021-03-02', 'ver al medico', 3),
(282, '2021-03-02', 'ver al medico', 3),
(283, '2021-03-02', 'ver al medico', 3),
(284, '2021-03-02', 'ver al medico', 3),
(285, '2021-03-02', 'ver al medico', 3),
(286, '2021-03-02', 'ver al medico', 3),
(287, '2021-03-02', 'ver al medico', 3),
(288, '2021-03-02', 'ver al medico', 3),
(289, '2021-03-02', 'ver al medico', 3),
(290, '2021-03-02', 'ver al medico', 3),
(291, '2021-03-02', 'ver al medico', 3),
(292, '2021-03-02', 'ver al medico', 3),
(293, '2021-03-02', 'ver al medico', 3),
(294, '2021-03-02', 'ver al medico', 3),
(295, '2021-03-02', 'ver al medico', 3),
(296, '2021-03-02', 'ver al medico', 3),
(297, '2021-03-02', 'ver al medico', 3),
(298, '2021-03-02', 'ver al medico', 3),
(299, '2021-03-02', 'ver al medico', 3),
(300, '2021-03-02', 'ver al medico', 3),
(301, '2021-03-02', 'ver al medico', 3),
(302, '2021-03-02', 'ver al medico', 3),
(303, '2021-03-02', 'ver al medico', 3),
(304, '2021-03-02', 'ver al medico', 3),
(305, '2021-03-02', 'ver al medico', 3),
(306, '2021-03-02', 'ver al medico', 3),
(307, '2021-03-02', 'ver al medico', 3),
(308, '2021-03-02', 'ver al medico', 3),
(309, '2021-03-02', 'ver al medico', 3),
(310, '2021-03-02', 'ver al medico', 3),
(311, '2021-03-02', 'ver al medico', 3),
(312, '2021-03-02', 'ver al medico', 3),
(313, '2021-03-02', 'ver al medico', 3),
(314, '2021-03-02', 'ver al medico', 3),
(315, '2021-03-02', 'ver al medico', 3),
(316, '2021-03-08', 'ver al medico', 3),
(317, '2021-03-08', 'ver al medico', 3),
(318, '2021-03-08', 'ver al medico', 3),
(319, '2021-03-08', 'ver al medico', 3),
(320, '2021-03-12', 'ver al medico', 3),
(321, '2021-03-12', 'ver al medico', 3),
(322, '2021-03-12', 'ver al medico', 3),
(323, '2021-03-12', 'ver al medico', 3),
(324, '2021-03-12', 'ver al medico', 3),
(325, '2021-03-12', 'ver al medico', 3),
(326, '2021-03-12', 'ver al medico', 3),
(327, '2021-03-12', 'ver al medico', 3),
(328, '2021-03-12', 'ver al medico', 3),
(329, '2021-03-12', 'ver al medico', 3),
(330, '2021-03-12', 'ver al medico', 3),
(331, '2021-03-12', 'ver al medico', 3),
(332, '2021-03-12', 'ver al medico', 3),
(333, '2021-03-12', 'ver al medico', 3),
(334, '2021-03-12', 'ver al medico', 3),
(335, '2021-03-12', 'ver al medico', 3),
(336, '2021-03-12', 'ver al medico', 3);

--
-- Índices para tablas volcadas
--

--
-- Indices de la tabla `carritocompra`
--
ALTER TABLE `carritocompra`
  ADD PRIMARY KEY (`id`);

--
-- Indices de la tabla `citas`
--
ALTER TABLE `citas`
  ADD PRIMARY KEY (`id`),
  ADD KEY `especialidad` (`especialidad`);

--
-- Indices de la tabla `especialidades`
--
ALTER TABLE `especialidades`
  ADD PRIMARY KEY (`id`);

--
-- Indices de la tabla `medicamento`
--
ALTER TABLE `medicamento`
  ADD PRIMARY KEY (`id`);

--
-- Indices de la tabla `owners`
--
ALTER TABLE `owners`
  ADD PRIMARY KEY (`id`),
  ADD KEY `last_name` (`last_name`);

--
-- Indices de la tabla `pets`
--
ALTER TABLE `pets`
  ADD PRIMARY KEY (`id`),
  ADD KEY `name` (`name`),
  ADD KEY `FK6teg4kcjcnjhduguft56wcfoa` (`owner_id`),
  ADD KEY `FKtmmh1tq8pah5vxf8kuqqplo4p` (`type_id`);

--
-- Indices de la tabla `privilege`
--
ALTER TABLE `privilege`
  ADD PRIMARY KEY (`id`);

--
-- Indices de la tabla `products`
--
ALTER TABLE `products`
  ADD PRIMARY KEY (`id`);

--
-- Indices de la tabla `recetas`
--
ALTER TABLE `recetas`
  ADD PRIMARY KEY (`id`);

--
-- Indices de la tabla `records`
--
ALTER TABLE `records`
  ADD PRIMARY KEY (`id`);

--
-- Indices de la tabla `role`
--
ALTER TABLE `role`
  ADD PRIMARY KEY (`id`);

--
-- Indices de la tabla `roles_privileges`
--
ALTER TABLE `roles_privileges`
  ADD PRIMARY KEY (`id`),
  ADD UNIQUE KEY `role_id` (`role_id`),
  ADD UNIQUE KEY `privilege_id` (`privilege_id`);

--
-- Indices de la tabla `specialties`
--
ALTER TABLE `specialties`
  ADD PRIMARY KEY (`id`),
  ADD KEY `name` (`name`);

--
-- Indices de la tabla `types`
--
ALTER TABLE `types`
  ADD PRIMARY KEY (`id`),
  ADD KEY `name` (`name`);

--
-- Indices de la tabla `users`
--
ALTER TABLE `users`
  ADD PRIMARY KEY (`id`),
  ADD UNIQUE KEY `email` (`email`);

--
-- Indices de la tabla `users_roles`
--
ALTER TABLE `users_roles`
  ADD PRIMARY KEY (`id`),
  ADD UNIQUE KEY `user_id` (`user_id`);

--
-- Indices de la tabla `venta`
--
ALTER TABLE `venta`
  ADD PRIMARY KEY (`id`);

--
-- Indices de la tabla `ventadetalle`
--
ALTER TABLE `ventadetalle`
  ADD PRIMARY KEY (`id`);

--
-- Indices de la tabla `vets`
--
ALTER TABLE `vets`
  ADD PRIMARY KEY (`id`),
  ADD KEY `last_name` (`last_name`);

--
-- Indices de la tabla `vet_specialties`
--
ALTER TABLE `vet_specialties`
  ADD UNIQUE KEY `vet_id` (`vet_id`,`specialty_id`),
  ADD KEY `specialty_id` (`specialty_id`);

--
-- Indices de la tabla `visits`
--
ALTER TABLE `visits`
  ADD PRIMARY KEY (`id`),
  ADD KEY `FK6jcifhlqqlsfseu67utlouauy` (`pet_id`);

--
-- AUTO_INCREMENT de las tablas volcadas
--

--
-- AUTO_INCREMENT de la tabla `carritocompra`
--
ALTER TABLE `carritocompra`
  MODIFY `id` int(11) NOT NULL AUTO_INCREMENT, AUTO_INCREMENT=71;

--
-- AUTO_INCREMENT de la tabla `citas`
--
ALTER TABLE `citas`
  MODIFY `id` int(11) NOT NULL AUTO_INCREMENT, AUTO_INCREMENT=338;

--
-- AUTO_INCREMENT de la tabla `especialidades`
--
ALTER TABLE `especialidades`
  MODIFY `id` int(11) NOT NULL AUTO_INCREMENT, AUTO_INCREMENT=4;

--
-- AUTO_INCREMENT de la tabla `medicamento`
--
ALTER TABLE `medicamento`
  MODIFY `id` int(11) NOT NULL AUTO_INCREMENT, AUTO_INCREMENT=342;

--
-- AUTO_INCREMENT de la tabla `owners`
--
ALTER TABLE `owners`
  MODIFY `id` int(4) UNSIGNED NOT NULL AUTO_INCREMENT, AUTO_INCREMENT=10;

--
-- AUTO_INCREMENT de la tabla `pets`
--
ALTER TABLE `pets`
  MODIFY `id` int(4) UNSIGNED NOT NULL AUTO_INCREMENT, AUTO_INCREMENT=352;

--
-- AUTO_INCREMENT de la tabla `privilege`
--
ALTER TABLE `privilege`
  MODIFY `id` int(11) NOT NULL AUTO_INCREMENT, AUTO_INCREMENT=3;

--
-- AUTO_INCREMENT de la tabla `products`
--
ALTER TABLE `products`
  MODIFY `id` int(11) NOT NULL AUTO_INCREMENT, AUTO_INCREMENT=22;

--
-- AUTO_INCREMENT de la tabla `recetas`
--
ALTER TABLE `recetas`
  MODIFY `id` int(11) NOT NULL AUTO_INCREMENT, AUTO_INCREMENT=4;

--
-- AUTO_INCREMENT de la tabla `records`
--
ALTER TABLE `records`
  MODIFY `id` int(4) UNSIGNED NOT NULL AUTO_INCREMENT, AUTO_INCREMENT=1556;

--
-- AUTO_INCREMENT de la tabla `role`
--
ALTER TABLE `role`
  MODIFY `id` int(11) NOT NULL AUTO_INCREMENT, AUTO_INCREMENT=15;

--
-- AUTO_INCREMENT de la tabla `roles_privileges`
--
ALTER TABLE `roles_privileges`
  MODIFY `id` int(11) NOT NULL AUTO_INCREMENT, AUTO_INCREMENT=3;

--
-- AUTO_INCREMENT de la tabla `specialties`
--
ALTER TABLE `specialties`
  MODIFY `id` int(4) UNSIGNED NOT NULL AUTO_INCREMENT, AUTO_INCREMENT=4;

--
-- AUTO_INCREMENT de la tabla `types`
--
ALTER TABLE `types`
  MODIFY `id` int(4) UNSIGNED NOT NULL AUTO_INCREMENT, AUTO_INCREMENT=7;

--
-- AUTO_INCREMENT de la tabla `users`
--
ALTER TABLE `users`
  MODIFY `id` int(11) NOT NULL AUTO_INCREMENT, AUTO_INCREMENT=19;

--
-- AUTO_INCREMENT de la tabla `users_roles`
--
ALTER TABLE `users_roles`
  MODIFY `id` int(11) NOT NULL AUTO_INCREMENT, AUTO_INCREMENT=17;

--
-- AUTO_INCREMENT de la tabla `venta`
--
ALTER TABLE `venta`
  MODIFY `id` int(11) NOT NULL AUTO_INCREMENT, AUTO_INCREMENT=20;

--
-- AUTO_INCREMENT de la tabla `ventadetalle`
--
ALTER TABLE `ventadetalle`
  MODIFY `id` int(11) NOT NULL AUTO_INCREMENT, AUTO_INCREMENT=29;

--
-- AUTO_INCREMENT de la tabla `vets`
--
ALTER TABLE `vets`
  MODIFY `id` int(4) UNSIGNED NOT NULL AUTO_INCREMENT, AUTO_INCREMENT=350;

--
-- AUTO_INCREMENT de la tabla `visits`
--
ALTER TABLE `visits`
  MODIFY `id` int(11) NOT NULL AUTO_INCREMENT, AUTO_INCREMENT=337;

--
-- Restricciones para tablas volcadas
--

--
-- Filtros para la tabla `vet_specialties`
--
ALTER TABLE `vet_specialties`
  ADD CONSTRAINT `vet_specialties_ibfk_1` FOREIGN KEY (`vet_id`) REFERENCES `vets` (`id`),
  ADD CONSTRAINT `vet_specialties_ibfk_2` FOREIGN KEY (`specialty_id`) REFERENCES `specialties` (`id`);
COMMIT;

/*!40101 SET CHARACTER_SET_CLIENT=@OLD_CHARACTER_SET_CLIENT */;
/*!40101 SET CHARACTER_SET_RESULTS=@OLD_CHARACTER_SET_RESULTS */;
/*!40101 SET COLLATION_CONNECTION=@OLD_COLLATION_CONNECTION */;
